Age,Primary streaming service,Hours per day,While working,Instrumentalist,Composer,Fav genre,Exploratory,Foreign languages,BPM,Frequency [Classical],Frequency [Country],Frequency [EDM],Frequency [Folk],Frequency [Gospel],Frequency [Hip hop],Frequency [Jazz],Frequency [K pop],Frequency [Latin],Frequency [Lofi],Frequency [Metal],Frequency [Pop],Frequency [R&B],Frequency [Rap],Frequency [Rock],Frequency [Video game music],Anxiety,Depression,Insomnia,OCD,Music effects
18.0,Spotify,4.0,False,False,False,Video game music,False,True,132.0,0,0,3,0,0,1,1,3,0,2,2,1,0,1,1,3,7.0,7.0,10.0,2.0,1
61.0,YouTube Music,2.5,True,False,True,Jazz,True,True,84.0,2,0,0,1,2,0,3,2,3,2,0,2,2,0,0,0,9.0,7.0,3.0,3.0,0
18.0,Spotify,4.0,True,False,False,R&B,True,False,107.0,0,0,1,0,1,3,0,3,2,2,0,2,3,3,0,1,7.0,2.0,5.0,9.0,0
18.0,Spotify,5.0,True,True,True,Jazz,True,True,86.0,1,2,0,0,0,2,3,3,1,3,1,3,3,3,3,0,8.0,8.0,7.0,7.0,0
18.0,YouTube Music,3.0,True,True,False,Video game music,True,True,66.0,2,0,1,2,1,1,2,0,1,1,1,1,1,0,0,2,4.0,8.0,6.0,0.0,0
21.0,Spotify,1.0,True,False,False,K pop,True,True,95.0,0,0,1,0,0,3,1,3,0,2,0,2,2,1,0,1,5.0,3.0,5.0,3.0,0
19.0,Spotify,6.0,True,False,False,Rock,False,False,94.0,0,3,0,2,0,0,0,0,0,0,3,0,0,0,3,0,2.0,0.0,0.0,0.0,0
18.0,No Streaming Service,1.0,True,False,False,R&B,True,True,155.0,1,1,1,1,2,1,1,0,1,1,0,2,2,1,2,2,2.0,2.0,5.0,1.0,0
18.0,Spotify,3.0,True,True,False,Country,True,False,120.0,0,3,0,0,0,0,0,0,0,0,0,1,1,0,1,0,7.0,7.0,4.0,7.0,1
19.0,YouTube Music,8.0,True,False,False,EDM,True,False,125.0,1,0,3,0,0,2,1,1,1,1,0,1,1,2,1,1,1.0,0.0,0.0,1.0,0
21.0,Spotify,3.0,True,False,False,Hip hop,True,True,120.0,1,0,1,0,0,3,0,2,0,3,0,2,2,1,1,0,9.0,3.0,2.0,7.0,0
19.0,Spotify,2.0,True,False,False,Country,True,False,88.0,0,3,1,2,0,2,0,0,0,1,0,1,0,3,0,0,2.0,1.0,2.0,0.0,0
18.0,Spotify,4.0,True,True,False,Jazz,True,True,148.0,3,1,0,0,0,0,3,0,2,1,2,2,0,0,2,1,6.0,4.0,7.0,0.0,0
17.0,Spotify,2.0,False,False,False,Pop,True,True,120.0,1,1,0,0,0,2,1,1,1,1,1,3,1,2,2,1,7.0,5.0,4.0,1.0,2
16.0,Spotify,8.0,True,False,False,Hip hop,True,True,103.0,0,0,0,0,0,3,0,0,0,0,0,0,2,3,0,1,8.0,8.0,4.0,3.0,0
16.0,Spotify,12.0,True,False,True,Hip hop,True,True,120.0,1,0,2,1,0,3,1,0,0,0,2,2,1,2,3,0,5.0,7.0,10.0,0.0,0
17.0,Spotify,24.0,True,False,False,Rap,True,False,99.0,1,0,0,0,0,2,2,2,1,0,2,1,2,3,3,0,7.0,5.0,0.0,3.0,0
15.0,Spotify,3.0,False,False,False,Hip hop,False,False,120.0,0,0,0,0,0,3,1,0,0,0,1,1,2,3,1,0,7.0,3.0,0.0,2.0,0
15.0,Apple Music,8.0,True,False,False,Hip hop,True,True,120.0,1,0,2,1,0,3,2,3,2,1,1,3,1,3,2,2,6.0,9.0,3.0,0.0,0
17.0,Spotify,4.0,True,False,False,Rap,True,False,125.0,0,1,1,0,0,2,0,0,0,1,1,2,0,3,2,0,10.0,10.0,2.0,4.0,0
19.0,No Streaming Service,5.0,True,False,False,R&B,True,True,118.0,1,1,2,3,1,3,2,0,0,1,1,1,3,3,2,1,6.0,7.0,5.0,4.0,0
18.0,Spotify,2.0,True,False,False,Pop,False,True,79.0,1,1,2,0,0,1,0,1,2,0,0,3,0,0,0,1,3.0,3.0,8.0,6.0,1
16.0,Other,3.0,True,True,True,Rock,True,True,84.0,1,1,0,1,2,2,2,0,1,0,2,0,2,1,3,2,10.0,6.0,8.0,10.0,0
18.0,Spotify,2.0,False,False,False,Pop,True,True,169.0,2,1,1,3,1,1,1,3,0,2,0,3,2,2,2,0,7.0,4.0,2.0,5.0,0
14.0,Spotify,12.0,True,True,True,Rock,True,True,136.0,2,2,1,1,1,3,2,0,0,3,0,3,3,3,3,2,8.0,6.0,10.0,5.0,0
18.0,YouTube Music,6.0,True,True,True,Pop,False,True,101.0,2,1,1,1,1,2,2,0,0,0,0,3,2,2,0,0,3.0,2.0,1.0,2.0,0
17.0,Spotify,2.0,True,True,False,Pop,True,True,126.0,0,3,1,1,0,0,1,2,3,1,1,3,1,0,2,2,6.0,6.0,4.0,5.0,0
17.0,Apple Music,1.0,True,False,False,Pop,True,False,183.0,1,0,0,1,0,0,2,0,0,0,2,2,0,0,2,0,8.0,2.0,1.0,5.0,0
20.0,Apple Music,5.0,True,True,False,Rock,True,True,120.0,0,1,1,3,0,3,2,0,2,2,3,2,2,2,3,1,7.0,7.0,2.0,0.0,0
19.0,Spotify,2.0,True,False,False,Classical,False,False,120.0,3,0,0,0,0,1,1,0,0,2,0,3,0,0,0,3,4.0,4.0,4.0,3.0,1
19.0,Spotify,6.0,True,True,False,Metal,True,True,120.0,0,0,0,1,0,1,2,1,0,2,3,2,0,0,2,2,9.0,8.0,2.0,3.0,0
17.0,Spotify,4.0,False,False,False,Rock,True,True,142.0,1,1,1,3,0,2,1,1,0,1,1,3,1,2,3,1,5.0,6.0,6.0,1.0,0
16.0,Spotify,1.0,True,False,False,Classical,False,False,75.0,3,0,0,1,0,0,0,0,0,0,1,0,0,0,0,1,0.0,0.0,0.0,0.0,1
18.0,Spotify,5.0,True,True,False,Pop,True,False,120.0,2,1,2,1,2,2,1,2,1,2,1,3,2,2,1,0,3.0,2.0,1.0,1.0,0
21.0,Spotify,4.0,True,False,False,Pop,False,True,89.0,0,0,1,0,0,2,0,1,1,0,0,3,0,1,0,0,6.0,8.0,0.0,2.0,0
17.0,Other,3.0,True,False,False,Pop,True,False,120.0,0,0,2,0,0,3,1,2,0,0,1,3,2,3,3,0,2.0,0.0,4.0,0.0,1
26.0,Other,0.5,False,False,False,Rock,False,True,140.0,1,0,1,2,0,0,1,0,0,0,0,1,0,0,3,0,9.0,8.0,1.0,0.0,1
20.0,Spotify,4.0,True,False,False,EDM,True,False,161.0,1,1,3,2,1,2,1,2,0,2,1,3,3,2,3,1,7.0,2.0,8.0,6.0,0
23.0,YouTube Music,2.0,True,True,True,Video game music,True,False,80.0,2,1,0,1,2,0,2,1,1,1,1,2,2,1,2,3,4.0,2.0,3.0,4.0,0
18.0,Spotify,5.0,True,True,False,Rock,True,False,130.0,3,0,0,2,0,2,2,1,0,2,3,2,1,2,3,2,7.0,6.0,5.0,0.0,0
37.0,YouTube Music,0.25,False,False,False,Video game music,True,False,147.0,3,1,0,1,0,1,2,0,1,0,0,3,2,0,2,2,3.0,2.0,10.0,0.0,1
17.0,Spotify,3.0,True,False,False,Classical,True,True,120.0,3,0,3,0,0,3,2,2,1,2,0,2,3,3,1,2,6.0,6.0,8.0,2.0,0
18.0,Spotify,4.0,True,False,False,Metal,True,True,77.0,1,0,0,0,0,3,1,0,0,0,3,2,2,3,3,3,1.0,0.0,8.0,2.0,1
17.0,No Streaming Service,1.0,True,True,True,Folk,False,False,118.0,0,2,1,3,0,1,0,0,1,1,1,1,1,2,2,2,7.0,3.0,1.0,5.0,0
36.0,Spotify,1.0,False,True,True,Classical,False,False,132.0,3,2,0,1,0,0,0,0,0,0,2,1,0,0,2,0,8.0,9.0,3.0,0.0,1
24.0,Spotify,3.0,True,False,False,Rock,True,True,115.0,1,0,1,2,0,0,0,1,0,3,1,2,0,0,3,2,9.0,6.0,4.0,3.0,0
18.0,Spotify,5.0,True,False,True,Metal,True,True,157.0,0,0,1,1,0,3,1,0,1,1,3,2,1,3,3,0,7.0,9.0,5.0,0.0,0
19.0,Spotify,3.0,True,False,False,Pop,False,True,90.0,2,1,2,0,0,3,2,1,0,2,1,3,2,2,2,2,7.0,4.0,2.0,4.0,1
17.0,Apple Music,2.0,True,True,False,EDM,True,False,128.0,0,1,3,0,0,1,0,0,1,1,3,2,2,2,3,1,0.0,0.0,0.0,0.0,0
16.0,Spotify,6.0,True,False,False,K pop,True,True,169.0,1,0,0,1,2,3,1,3,3,3,0,2,3,3,1,0,7.0,8.0,7.0,5.0,0
23.0,Apple Music,1.0,False,False,False,Rap,False,True,140.0,2,1,2,1,0,3,3,0,0,0,2,1,1,3,3,1,10.0,6.0,3.0,10.0,1
23.0,Spotify,12.0,True,False,False,Pop,True,True,96.0,3,1,0,3,0,1,2,1,1,1,0,3,2,1,1,0,3.0,7.0,5.0,5.0,1
22.0,Spotify,4.0,True,False,True,Rock,True,True,126.0,1,0,1,2,0,1,1,0,0,1,2,3,2,1,3,1,8.0,7.0,4.0,3.0,0
16.0,Apple Music,2.0,True,True,False,Classical,True,False,120.0,3,0,0,0,0,1,2,0,0,0,0,1,1,1,2,1,0.0,0.0,1.0,3.0,0
18.0,Spotify,6.0,True,False,False,Rock,True,False,91.0,1,0,0,1,0,0,0,0,0,0,3,1,0,2,3,0,8.0,6.0,2.0,10.0,1
42.0,No Streaming Service,0.0,True,False,False,Rock,False,True,120.0,1,1,0,0,0,0,1,0,0,0,2,1,1,0,2,2,9.0,0.0,10.0,0.0,1
23.0,Spotify,7.0,True,False,False,Folk,True,True,55.0,1,3,0,3,3,2,1,0,1,0,2,2,1,1,1,2,6.0,4.0,2.0,3.0,0
23.0,No Streaming Service,1.0,True,True,False,Video game music,False,False,85.0,2,2,2,1,0,1,2,1,1,3,0,2,3,1,2,3,7.0,0.0,0.0,2.0,0
19.0,YouTube Music,1.0,False,True,False,K pop,True,True,160.0,0,0,0,0,0,0,2,3,0,0,0,0,0,0,0,1,10.0,1.0,0.0,0.0,0
22.0,Pandora,1.0,False,True,False,Rock,True,False,108.0,1,0,2,1,0,0,3,0,0,0,0,2,1,0,3,1,8.0,7.0,0.0,5.0,0
15.0,Other,2.0,True,True,False,Rock,False,False,156.0,0,0,1,1,0,0,0,0,0,1,2,2,0,0,3,2,3.0,2.0,6.0,7.0,0
25.0,Spotify,2.0,False,False,False,Metal,False,True,170.0,1,1,1,2,0,1,0,1,0,1,3,2,0,1,3,3,5.0,5.0,3.0,1.0,1
32.0,Spotify,5.0,True,False,False,Rock,False,True,91.0,2,0,1,2,0,2,1,1,0,0,3,3,3,1,3,0,10.0,10.0,3.0,1.0,2
36.0,Spotify,6.0,True,False,False,Metal,True,True,174.0,3,0,1,3,0,0,0,2,0,1,3,1,0,0,2,3,5.0,4.0,10.0,2.0,0
24.0,Spotify,3.0,False,False,False,Rock,True,True,130.0,2,2,0,1,0,0,1,0,1,0,3,3,0,0,3,0,0.0,0.0,8.0,0.0,1
29.0,Spotify,4.0,False,False,False,Hip hop,True,False,140.0,1,2,1,0,1,3,1,1,1,1,0,2,2,2,2,0,8.0,8.0,5.0,10.0,0
41.0,Apple Music,3.0,True,True,True,Metal,True,True,130.0,2,0,2,0,0,1,1,0,0,2,2,2,0,1,1,0,10.0,7.0,8.0,0.0,0
36.0,No Streaming Service,2.0,True,True,True,Rock,True,False,127.0,2,1,3,2,1,1,3,0,0,0,3,2,1,1,3,2,7.0,3.0,1.0,1.0,0
19.0,YouTube Music,3.0,True,False,False,Rock,True,False,160.0,1,2,2,1,0,2,1,0,2,2,2,2,3,3,3,1,8.0,7.0,4.0,0.0,0
31.0,Spotify,2.0,True,False,False,Rock,True,True,120.0,0,2,0,1,2,0,2,1,0,0,2,3,0,0,3,0,10.0,2.0,0.0,5.0,1
16.0,Spotify,4.0,True,False,False,Rock,False,True,120.0,2,1,1,2,0,1,1,1,1,2,2,3,1,1,3,3,9.0,8.0,1.0,2.0,0
26.0,Spotify,2.0,True,True,True,Hip hop,True,True,165.0,1,1,3,1,1,3,1,1,1,1,1,2,1,3,3,1,6.0,3.0,1.0,1.0,0
22.0,Apple Music,0.5,False,False,False,Hip hop,False,False,113.0,2,0,0,0,0,3,1,0,1,0,0,2,2,3,0,0,7.0,7.0,0.0,1.0,1
16.0,Spotify,5.0,True,True,True,Jazz,True,True,167.0,2,1,0,0,1,1,3,3,1,0,0,3,1,3,2,0,7.0,7.0,8.0,4.0,0
17.0,Spotify,5.0,True,False,False,Metal,True,True,95.0,0,2,1,1,0,0,0,0,0,0,3,1,0,0,3,2,4.0,1.0,0.0,0.0,0
19.0,Spotify,10.0,True,False,False,R&B,True,True,110.0,0,1,3,0,0,2,0,3,0,0,0,1,3,1,0,0,7.0,2.0,1.0,5.0,0
18.0,YouTube Music,2.0,False,False,False,EDM,False,True,150.0,2,1,3,0,1,1,1,0,0,2,0,3,1,2,1,3,9.0,0.0,5.0,10.0,0
18.0,YouTube Music,4.0,True,False,False,Hip hop,True,True,93.0,0,0,1,0,0,3,2,2,1,2,0,3,3,3,2,1,2.0,7.0,1.0,1.0,0
19.0,Spotify,5.0,False,True,True,Rock,True,True,90.0,1,0,0,1,0,2,3,0,3,1,2,1,2,1,3,1,10.0,8.0,7.0,0.0,0
19.0,Spotify,3.0,True,False,False,Jazz,True,False,118.0,1,0,1,0,0,3,3,1,2,3,0,2,2,2,1,3,3.0,0.0,0.0,0.0,0
22.0,Spotify,2.0,True,False,False,K pop,True,True,126.0,0,0,3,0,0,2,0,3,0,0,0,2,0,2,3,1,7.0,8.0,5.0,1.0,1
16.0,Spotify,2.5,True,True,True,Rock,True,True,103.0,1,2,0,3,0,1,2,0,2,2,1,3,1,0,3,1,2.0,1.0,0.0,0.0,0
19.0,Spotify,3.0,True,False,False,R&B,True,True,77.0,1,0,2,0,0,3,1,3,1,1,1,3,3,3,1,3,5.0,4.0,0.0,1.0,0
37.0,Spotify,1.0,True,False,False,Rock,False,False,115.0,1,1,1,1,0,1,1,1,0,1,1,2,1,1,3,0,9.0,10.0,6.0,10.0,1
14.0,Spotify,7.0,True,True,False,Jazz,False,False,110.0,1,0,3,0,0,0,3,0,2,0,0,2,0,0,3,3,2.0,0.0,0.0,0.0,0
33.0,No Streaming Service,1.0,False,False,False,Metal,False,True,120.0,1,2,2,0,0,2,0,0,1,0,3,2,1,2,2,2,5.0,2.0,5.0,1.0,0
26.0,Spotify,1.0,False,False,False,R&B,False,False,113.0,1,2,0,2,0,3,3,0,0,0,3,3,3,3,3,0,3.0,2.0,0.0,0.0,1
32.0,Spotify,3.0,True,False,False,Hip hop,False,False,157.0,0,0,1,0,0,3,0,0,2,1,0,2,3,3,1,0,2.0,0.0,7.0,0.0,1
30.0,Spotify,5.0,True,True,False,Metal,True,False,160.0,2,1,0,2,0,1,0,0,0,0,3,2,0,0,3,0,7.0,6.0,6.0,2.0,1
43.0,No Streaming Service,6.0,True,True,True,Video game music,True,True,109.0,2,1,3,1,1,1,1,2,1,3,1,2,1,0,2,3,5.0,4.0,8.0,3.0,1
24.0,Spotify,4.0,True,False,False,Classical,True,True,175.0,3,1,1,0,0,1,1,0,0,0,2,3,1,0,3,1,4.0,6.0,5.0,3.0,0
36.0,YouTube Music,1.0,True,False,False,Rock,True,False,110.0,2,1,0,0,0,0,0,0,0,0,1,2,1,1,3,0,6.0,2.0,3.0,1.0,0
19.0,YouTube Music,4.0,True,False,False,Video game music,True,False,162.0,1,0,1,0,0,1,2,0,0,2,0,2,0,0,1,3,8.0,2.0,1.0,6.0,0
22.0,Spotify,10.0,True,False,False,Metal,True,True,189.0,1,3,0,3,0,0,1,0,0,0,3,1,0,1,2,2,9.0,6.0,0.0,6.0,0
20.0,Spotify,3.0,False,False,True,EDM,True,True,121.0,1,2,3,0,0,2,0,1,0,2,0,2,0,2,2,1,0.0,3.0,7.0,0.0,0
31.0,Spotify,2.0,False,False,False,Rock,True,False,200.0,1,1,0,1,0,1,1,0,0,1,2,2,0,1,3,0,8.0,9.0,6.0,2.0,0
19.0,Spotify,4.0,True,False,False,Metal,True,True,105.0,2,0,0,0,0,2,2,1,0,0,2,2,1,2,3,1,4.0,1.0,1.0,1.0,0
15.0,Spotify,8.0,True,False,False,Rock,False,False,193.0,0,0,0,0,0,0,0,0,0,0,2,1,0,0,3,1,8.0,7.0,5.0,0.0,0
18.0,Spotify,2.0,False,True,True,Metal,True,True,149.0,0,0,1,0,0,2,0,0,0,0,3,2,0,1,3,1,3.0,4.0,6.0,1.0,0
25.0,No Streaming Service,0.5,False,True,False,Classical,False,False,140.0,3,0,0,0,1,0,2,0,2,0,1,1,1,0,3,2,1.0,1.0,3.0,1.0,0
17.0,Apple Music,5.0,True,False,False,Metal,True,False,134.0,0,1,0,0,0,2,0,0,0,1,3,2,2,2,3,1,10.0,8.0,6.0,7.0,1
28.0,YouTube Music,1.0,False,False,False,Rock,True,False,120.0,1,0,3,2,0,0,0,0,0,1,1,1,0,0,2,1,6.0,6.0,2.0,0.0,1
20.0,Spotify,3.0,True,False,False,Rock,True,True,170.0,0,0,1,0,0,1,0,2,0,1,1,2,2,1,3,2,6.0,7.0,0.0,0.0,0
21.0,YouTube Music,2.0,True,True,False,Metal,True,True,107.0,2,1,0,3,0,0,1,0,0,1,3,1,0,1,2,3,8.0,4.0,10.0,0.0,1
41.0,Spotify,3.0,True,False,False,Pop,False,True,113.0,2,0,1,1,1,3,2,1,1,0,1,3,3,2,3,0,9.0,7.0,6.0,2.0,1
20.0,Spotify,2.0,True,True,False,Pop,True,False,126.0,0,0,2,0,0,1,0,0,0,0,0,3,0,1,3,2,7.0,4.0,6.0,5.0,0
34.0,Other,4.0,True,False,False,Metal,True,True,161.0,1,0,2,0,0,2,1,0,0,0,3,1,0,2,2,1,6.0,7.0,0.0,0.0,1
21.0,YouTube Music,3.0,True,False,True,Metal,True,False,120.0,2,1,0,2,0,0,0,0,0,0,3,3,0,0,3,1,10.0,0.0,10.0,10.0,0
23.0,Spotify,2.0,True,False,False,Metal,True,True,100.0,1,0,0,1,0,0,0,0,0,2,3,1,0,0,2,1,6.0,3.0,0.0,1.0,0
16.0,Spotify,3.0,False,False,False,Pop,False,False,140.0,1,0,0,0,0,2,1,0,1,0,0,3,2,1,0,0,7.0,5.0,5.0,3.0,0
19.0,YouTube Music,4.0,True,False,False,Pop,True,False,156.0,1,1,1,1,0,2,1,1,0,0,1,3,1,2,2,2,7.0,10.0,5.0,0.0,0
22.0,Spotify,2.0,True,True,False,Rock,True,True,98.0,2,0,0,1,0,2,2,0,2,1,1,3,2,2,3,2,8.0,6.0,0.0,0.0,0
19.0,Spotify,8.0,True,False,False,K pop,True,True,100.0,3,0,1,0,0,2,2,3,0,3,0,3,2,1,1,1,4.0,3.0,0.0,0.0,0
23.0,Spotify,4.0,True,False,False,Hip hop,True,True,78.0,1,0,2,2,0,3,1,3,2,3,1,3,3,3,2,2,7.0,6.0,7.0,5.0,0
23.0,Spotify,2.0,False,True,False,Metal,False,True,117.0,0,0,1,0,0,1,1,0,0,0,3,0,0,1,2,0,7.0,3.0,2.0,3.0,0
22.0,Spotify,1.0,False,False,True,EDM,True,False,128.0,0,0,3,0,1,2,2,0,0,0,0,3,3,2,2,0,2.0,7.0,5.0,0.0,0
17.0,Spotify,3.0,True,False,False,Rock,True,False,130.0,1,2,2,2,0,1,1,1,0,3,2,3,3,2,3,2,7.0,8.0,6.0,5.0,0
28.0,Spotify,0.5,False,False,False,Folk,True,False,130.0,1,2,0,3,0,1,1,0,0,0,0,2,0,1,3,1,4.0,7.0,1.0,0.0,0
23.0,Spotify,2.0,False,False,False,Rock,True,True,120.0,0,0,0,0,0,2,0,2,0,0,3,3,0,2,3,2,7.0,8.0,5.0,1.0,1
19.0,Apple Music,3.0,True,False,False,Rock,True,True,126.0,0,2,2,0,0,3,0,0,0,1,1,1,1,2,3,2,5.0,2.0,8.0,6.0,0
17.0,Spotify,2.0,True,True,True,Hip hop,True,True,122.0,1,0,2,2,0,3,2,1,1,1,3,1,1,3,3,0,10.0,7.0,4.0,2.0,0
21.0,YouTube Music,1.0,False,False,False,Rock,True,False,179.0,0,1,0,1,0,2,1,0,0,3,2,1,2,2,3,1,6.0,5.0,0.0,0.0,1
29.0,Other,5.0,True,False,False,Jazz,True,True,200.0,1,0,0,1,0,0,3,0,1,1,1,0,2,0,3,2,7.0,2.0,3.0,1.0,0
22.0,Spotify,10.0,False,True,True,EDM,False,True,128.0,2,2,3,3,0,0,1,0,0,0,1,0,1,0,2,2,4.0,7.0,7.0,3.0,0
18.0,Spotify,4.0,True,True,True,Pop,True,True,130.0,2,1,2,1,0,1,2,2,2,2,3,3,1,1,3,3,4.0,5.0,6.0,5.0,0
13.0,Spotify,2.0,True,True,True,Rock,True,False,120.0,1,0,2,3,1,2,0,0,0,2,2,3,1,3,3,3,7.0,10.0,5.0,6.0,2
24.0,Spotify,1.0,False,False,False,Metal,True,False,86.0,2,0,1,1,0,1,0,0,0,0,3,2,2,2,3,1,6.0,4.0,5.0,0.0,0
35.0,Spotify,6.0,True,False,False,Rock,True,True,166.0,2,1,2,3,0,1,2,1,1,2,2,2,1,1,3,2,4.0,1.0,3.0,1.0,1
29.0,YouTube Music,1.0,True,True,False,Video game music,True,False,110.0,2,0,0,1,2,0,1,0,0,0,0,2,1,0,2,2,6.0,6.0,1.0,2.0,0
28.0,Spotify,6.0,True,False,False,Rock,False,False,144.0,2,1,0,2,0,1,1,0,1,1,2,2,2,1,3,3,10.0,8.0,7.0,1.0,0
32.0,Spotify,7.0,True,False,False,Pop,True,True,120.0,2,0,1,0,0,2,1,0,0,1,1,3,3,3,3,3,10.0,8.0,2.0,8.0,0
32.0,Other,1.0,False,False,False,EDM,True,False,120.0,1,0,3,1,1,2,1,0,1,1,0,2,1,1,1,0,3.0,6.0,2.0,0.0,1
21.0,Spotify,3.0,True,True,False,Rock,True,False,160.0,0,0,0,3,0,2,0,0,0,2,3,1,0,1,3,2,8.0,9.0,2.0,0.0,0
18.0,Spotify,2.0,True,True,False,Video game music,False,True,101.0,0,0,2,0,0,1,0,0,0,1,0,1,0,0,2,3,8.0,3.0,8.0,7.0,0
19.0,Spotify,3.0,True,True,False,Classical,True,False,122.0,3,1,0,0,0,0,0,1,0,2,0,3,0,0,1,2,3.0,3.0,1.0,2.0,0
18.0,Apple Music,2.0,True,True,False,Pop,True,True,120.0,1,1,0,0,0,1,0,3,1,1,1,3,1,1,1,0,6.0,5.0,2.0,0.0,0
16.0,YouTube Music,3.0,True,False,True,Pop,False,False,120.0,1,2,2,0,0,1,0,2,0,2,0,3,0,1,3,1,0.0,0.0,4.0,0.0,1
25.0,Spotify,1.5,True,False,False,Pop,False,False,61.0,2,1,1,2,0,1,0,0,0,1,1,3,3,1,3,0,6.0,5.0,0.0,2.0,0
17.0,Spotify,4.0,True,False,False,Lofi,True,True,79.0,3,0,0,0,2,2,1,2,0,3,0,3,2,2,1,3,3.0,8.0,0.0,0.0,0
16.0,Spotify,2.0,True,False,False,Rap,True,True,126.0,3,0,0,0,0,3,0,2,0,1,0,3,3,3,0,2,1.0,8.0,0.0,0.0,1
27.0,Spotify,10.0,True,False,False,Metal,True,True,185.0,2,0,2,0,0,2,1,0,0,1,3,3,1,2,3,1,5.0,6.0,6.0,3.0,0
53.0,Spotify,7.0,True,False,False,Pop,True,True,92.0,3,2,3,1,1,2,2,1,2,1,1,3,3,1,3,1,0.0,0.0,0.0,0.0,0
25.0,Spotify,1.0,True,False,False,EDM,False,False,107.0,0,0,3,0,0,1,0,1,0,1,0,0,0,0,1,1,0.0,8.0,0.0,0.0,0
34.0,Spotify,2.0,False,False,False,Metal,False,False,120.0,0,0,1,0,0,0,0,0,0,0,3,1,0,0,2,0,3.0,7.0,0.0,0.0,0
22.0,Other,6.0,True,True,True,Jazz,True,True,140.0,2,1,3,3,1,3,3,1,2,2,2,3,3,3,2,2,8.0,8.0,8.0,5.0,0
17.0,Spotify,2.0,True,True,True,Jazz,True,False,94.0,2,0,0,0,0,1,2,0,0,1,2,3,0,1,3,1,5.0,2.0,3.0,4.0,0
26.0,Spotify,3.0,True,True,False,Folk,True,False,160.0,1,1,0,3,1,1,2,0,0,1,1,2,2,1,2,2,8.0,8.0,3.0,0.0,0
19.0,Spotify,8.0,True,False,False,EDM,True,False,174.0,0,0,3,0,0,2,0,1,0,0,1,2,2,2,2,0,6.0,8.0,8.0,0.0,0
21.0,Spotify,3.0,True,False,False,Pop,True,True,136.0,1,3,2,1,0,3,1,0,3,2,1,3,3,3,2,2,6.0,8.0,6.0,0.0,2
32.0,Spotify,3.0,True,True,True,Rock,True,True,144.0,1,1,2,3,0,2,1,0,2,3,1,2,3,1,3,1,6.0,6.0,7.0,5.0,0
21.0,No Streaming Service,3.0,True,False,False,Rock,False,False,77.0,0,0,0,2,2,2,2,0,1,0,1,1,1,2,3,3,9.0,10.0,3.0,0.0,1
25.0,Spotify,2.0,False,True,False,Pop,False,False,120.0,1,0,0,1,0,2,0,0,2,0,0,3,2,3,3,1,7.0,7.0,5.0,0.0,0
26.0,Spotify,1.0,False,False,False,Rock,False,False,120.0,1,0,1,1,0,1,1,0,0,1,2,2,1,2,3,0,10.0,7.0,2.0,8.0,1
21.0,Spotify,2.0,True,True,False,Metal,True,True,120.0,1,0,0,2,0,1,0,0,0,1,3,1,0,1,3,2,1.0,3.0,0.0,6.0,1
17.0,Spotify,2.0,True,True,False,Pop,False,True,120.0,1,0,0,0,0,1,3,3,0,3,0,3,3,2,0,2,5.0,3.0,2.0,1.0,0
28.0,No Streaming Service,4.0,True,False,False,Rock,True,True,194.0,1,2,1,1,0,2,2,1,0,0,2,2,1,1,3,2,6.0,8.0,1.0,6.0,0
41.0,YouTube Music,4.0,True,False,False,Pop,True,False,60.0,1,0,2,3,0,3,2,1,1,2,1,3,3,2,3,1,7.0,2.0,0.0,7.0,0
18.0,Spotify,1.0,True,True,False,Metal,True,True,190.0,1,0,1,0,0,2,0,0,0,0,3,1,0,2,3,2,6.0,9.0,9.0,0.0,0
22.0,Spotify,2.0,False,False,False,R&B,False,True,87.0,2,0,0,0,0,1,0,3,3,2,0,2,3,1,1,2,1.0,1.0,4.0,1.0,1
49.0,Other,1.0,True,False,False,EDM,True,False,156.0,2,0,3,2,0,2,1,1,1,2,2,2,1,1,3,2,8.0,8.0,2.0,0.0,0
21.0,Spotify,3.0,True,True,True,Metal,True,False,150.0,2,1,1,2,0,1,1,1,0,2,3,3,1,2,3,2,3.0,3.0,7.0,0.0,1
27.0,Spotify,10.0,True,False,False,Metal,True,True,194.0,0,1,2,2,0,2,1,1,1,2,3,3,2,2,3,2,8.0,8.0,3.0,0.0,0
19.0,Spotify,1.0,False,False,True,Metal,True,True,160.0,0,0,0,0,0,1,0,0,0,2,3,2,1,1,3,0,6.0,4.0,0.0,3.0,1
27.0,Spotify,3.0,True,False,False,Metal,True,True,171.0,2,0,0,1,0,2,1,0,0,1,3,0,1,2,2,1,1.0,0.0,0.0,0.0,0
27.0,Spotify,1.5,True,False,False,Rock,False,False,95.0,0,0,0,1,0,2,0,1,0,1,3,2,0,2,3,2,5.0,5.0,4.0,4.0,0
42.0,YouTube Music,2.5,True,True,False,Rock,False,True,148.0,2,1,3,1,0,2,3,0,1,1,2,1,1,1,2,1,8.0,8.0,7.0,6.0,0
60.0,Pandora,2.0,True,False,False,Gospel,False,False,119.0,1,2,0,1,3,0,0,0,1,0,0,2,1,0,2,0,3.0,0.0,2.0,0.0,0
19.0,YouTube Music,5.0,True,False,False,Metal,False,True,136.0,2,1,1,2,2,2,1,0,0,3,3,0,0,2,3,2,0.0,5.0,1.0,0.0,1
20.0,Apple Music,2.0,True,False,False,Pop,True,False,141.0,1,0,0,1,0,2,1,0,0,2,0,3,2,1,2,1,6.0,3.0,0.0,0.0,0
28.0,Spotify,2.0,False,False,True,Metal,False,False,146.0,1,0,0,1,0,1,0,0,0,0,3,1,0,0,2,1,1.0,7.0,5.0,1.0,0
16.0,No Streaming Service,2.0,False,True,True,Video game music,True,False,120.0,2,1,0,0,1,2,2,1,0,2,0,2,2,1,1,2,4.0,2.0,1.0,1.0,1
18.0,Spotify,2.0,True,False,False,R&B,False,True,164.0,2,0,0,0,0,1,0,0,0,1,0,3,3,1,0,0,5.0,6.0,0.0,1.0,1
34.0,Spotify,1.0,True,False,False,Rock,True,True,120.0,1,0,3,0,0,0,0,3,0,1,3,1,0,0,3,3,1.0,0.0,0.0,0.0,1
18.0,YouTube Music,1.5,True,False,False,Pop,True,False,120.0,0,1,1,0,0,1,3,2,1,3,0,3,2,1,1,3,8.0,6.0,5.0,2.0,0
21.0,Spotify,5.0,True,True,True,Folk,True,True,128.0,2,1,0,3,1,1,2,0,1,2,1,3,2,1,3,1,9.0,4.0,0.0,3.0,0
38.0,Spotify,0.5,False,False,False,Rock,True,True,120.0,0,0,1,2,1,2,1,0,2,0,0,3,2,1,3,0,4.0,6.0,6.0,4.0,0
17.0,Spotify,2.0,True,False,False,Rock,False,True,120.0,0,1,1,1,0,0,0,1,0,2,1,2,0,1,3,3,7.0,3.0,1.0,5.0,0
35.0,Other,0.5,False,False,False,Pop,False,False,120.0,2,0,0,2,0,0,0,0,0,1,0,3,1,0,2,1,10.0,3.0,1.0,0.0,1
21.0,No Streaming Service,2.0,True,False,False,Rock,False,True,101.0,1,2,1,2,0,3,1,0,3,3,3,3,3,3,3,1,8.0,8.0,3.0,0.0,0
25.0,Apple Music,2.5,True,False,False,R&B,False,False,120.0,1,0,0,1,1,2,1,0,3,3,1,2,3,2,2,2,7.0,6.0,5.0,4.0,0
18.0,Spotify,2.0,True,True,False,K pop,True,True,98.0,3,0,0,1,1,2,2,3,1,3,0,2,3,2,0,1,7.0,2.0,3.0,5.0,0
16.0,Apple Music,2.0,False,False,False,Pop,True,False,145.0,0,2,1,2,1,1,0,1,0,2,0,3,1,1,3,1,10.0,3.5,5.0,10.0,0
19.0,Spotify,1.0,True,False,False,Pop,True,True,94.0,1,2,1,1,0,2,1,0,0,1,1,3,2,2,3,0,7.0,5.0,1.0,2.0,0
31.0,Spotify,4.0,True,True,False,Classical,False,True,103.0,3,0,1,0,1,2,1,0,2,0,2,1,0,2,2,0,6.0,8.0,9.0,5.0,0
26.0,Spotify,5.0,True,False,False,Rock,False,False,120.0,0,0,2,0,0,0,0,0,0,0,0,3,0,0,3,0,2.0,9.0,2.0,1.0,1
16.0,Spotify,2.0,True,True,True,Rock,False,False,112.0,1,0,3,1,0,0,0,0,0,1,1,2,1,0,3,3,7.0,4.0,10.0,2.0,0
26.0,Spotify,2.0,True,True,False,Rock,True,True,120.0,3,1,1,3,0,1,0,0,0,2,2,1,0,1,3,3,7.0,5.0,6.0,0.0,0
17.0,Spotify,2.0,True,False,False,R&B,True,True,118.0,1,1,0,0,2,2,1,3,0,1,0,2,3,2,0,1,6.0,1.0,0.0,0.0,0
22.0,Spotify,1.0,True,True,False,Video game music,True,True,120.0,2,2,1,3,0,0,0,1,1,0,3,1,0,0,3,3,3.0,6.0,1.0,1.0,0
20.0,Apple Music,4.0,True,False,False,R&B,True,True,113.0,2,1,0,1,0,2,2,1,0,1,0,2,3,3,3,1,9.0,10.0,3.0,0.0,0
30.0,Spotify,1.0,False,True,False,Rock,True,False,162.0,2,2,1,2,0,1,0,0,0,0,2,2,0,1,3,0,8.0,5.0,8.0,9.0,0
26.0,Other,4.0,True,False,False,Pop,False,False,120.0,1,3,1,0,0,1,1,0,2,0,1,3,1,0,2,0,8.0,7.0,7.0,3.0,0
19.0,Spotify,5.0,True,False,False,Rock,True,True,111.0,2,1,0,2,1,1,2,1,1,1,3,2,1,1,3,2,9.0,9.0,9.0,3.0,1
21.0,No Streaming Service,5.0,True,False,False,Country,True,False,85.0,0,3,1,2,0,1,0,0,0,0,2,2,0,1,3,0,9.0,8.0,9.0,7.0,0
33.0,Spotify,7.0,True,False,False,Rock,True,True,134.0,1,2,2,2,1,3,1,1,2,2,2,3,3,3,3,2,9.0,3.0,7.0,8.0,0
28.0,YouTube Music,2.0,True,False,False,Rock,True,False,172.0,0,1,1,1,0,2,0,1,0,2,1,2,3,1,3,1,10.0,8.0,6.0,2.0,0
25.0,Spotify,3.0,True,False,False,Rock,True,True,180.0,1,0,2,2,0,1,0,1,0,2,3,2,1,1,3,2,9.0,6.0,3.0,0.0,0
22.0,YouTube Music,2.0,True,False,False,Pop,False,False,120.0,1,0,1,1,1,1,1,0,0,1,0,3,1,1,2,2,7.0,7.0,8.0,3.0,0
19.0,Spotify,3.0,True,False,True,Rock,True,True,76.0,2,0,2,2,0,0,0,0,0,1,1,1,1,0,3,1,9.0,10.0,4.0,0.0,0
44.0,Other,3.0,True,False,False,Folk,True,True,130.0,1,1,1,3,1,2,1,0,1,2,0,1,2,2,1,2,9.0,9.0,8.0,2.0,0
22.0,Spotify,3.0,True,False,False,Rock,False,False,120.0,0,1,0,3,0,1,0,0,0,0,3,1,0,0,3,1,9.0,10.0,3.0,9.0,0
26.0,Spotify,5.0,True,True,True,Metal,True,True,109.0,2,1,3,1,1,1,2,2,0,1,3,2,2,1,2,2,10.0,9.0,8.0,8.0,0
23.0,No Streaming Service,6.0,True,False,True,Classical,False,True,96.0,3,0,0,1,0,0,0,0,1,0,0,1,0,0,0,1,6.0,5.0,6.0,8.0,0
17.0,Spotify,2.0,False,False,False,R&B,False,True,148.0,2,0,1,0,0,3,1,1,0,1,0,2,3,2,0,1,8.0,6.0,10.0,3.0,0
42.0,YouTube Music,2.0,False,False,False,Metal,True,False,120.0,2,1,2,1,0,2,0,0,0,0,3,2,2,2,3,1,8.0,3.0,6.0,4.0,0
30.0,Spotify,1.0,False,True,False,Rock,True,False,129.0,1,0,1,1,0,1,1,0,1,1,1,3,1,1,3,1,4.0,2.0,1.0,3.0,0
35.0,Spotify,1.0,True,False,False,Pop,True,True,81.0,2,1,2,1,0,2,1,1,0,0,0,3,1,1,2,1,2.0,1.0,1.0,1.0,1
20.0,Spotify,3.0,False,False,False,Rock,True,False,136.0,0,3,0,0,0,0,0,0,0,0,3,3,0,2,3,1,10.0,10.0,7.0,3.0,0
18.0,Spotify,3.0,True,False,False,Rap,True,True,155.0,1,0,0,2,0,3,2,0,2,2,0,3,1,3,3,3,8.0,9.0,0.0,0.0,0
21.0,Spotify,1.0,False,False,False,Pop,False,True,120.0,0,0,2,0,0,1,0,2,2,1,0,3,2,1,2,1,4.0,9.0,6.0,2.0,1
19.0,Spotify,6.0,True,False,False,Rock,True,True,52.0,0,0,1,3,0,1,1,0,3,1,2,3,1,2,3,1,4.0,2.0,0.0,0.0,0
37.0,Spotify,4.0,True,False,False,Rock,True,False,97.0,1,2,2,2,0,3,1,0,0,2,2,2,3,3,3,0,9.0,2.0,7.0,7.0,0
31.0,Spotify,2.0,True,False,False,Metal,True,True,92.0,2,1,1,2,0,2,1,1,2,3,3,2,2,2,3,3,8.0,6.0,7.0,5.0,0
29.0,Spotify,2.0,True,True,False,Folk,True,True,100.0,0,2,1,3,2,1,1,1,1,1,2,1,3,1,3,1,6.0,5.0,4.0,2.0,0
20.0,Spotify,3.0,True,False,False,Rock,True,True,120.0,2,1,1,3,0,1,2,0,0,2,2,3,1,1,3,2,8.0,5.0,2.0,3.0,0
36.0,No Streaming Service,8.0,True,True,True,Video game music,False,True,143.0,2,1,2,1,0,1,1,0,0,0,3,1,0,1,2,3,7.0,6.0,6.0,1.0,1
18.0,Spotify,3.0,True,True,False,Rock,True,False,118.0,2,0,0,1,0,0,2,0,0,1,1,2,0,0,3,1,10.0,2.0,0.0,0.0,0
18.0,Spotify,2.0,True,False,False,K pop,True,True,130.0,1,0,2,0,0,0,0,3,0,0,1,2,0,0,1,0,6.0,0.0,0.0,0.0,0
25.0,Spotify,7.0,True,False,False,Pop,False,True,120.0,0,2,3,1,1,2,0,3,1,1,1,3,2,2,1,2,2.0,0.0,1.0,0.0,0
18.0,YouTube Music,12.0,True,False,False,K pop,True,True,126.0,0,0,0,0,0,2,0,3,2,0,1,3,2,2,1,0,3.0,7.0,5.0,2.0,0
31.0,YouTube Music,9.0,True,False,False,Pop,True,True,158.0,1,1,1,2,0,0,1,1,1,3,2,3,0,1,2,2,9.0,0.0,2.0,0.0,0
17.0,Spotify,2.0,True,False,False,Pop,True,True,160.0,1,1,1,1,1,2,2,2,0,0,1,3,1,2,2,0,5.0,4.0,1.0,1.0,0
21.0,Spotify,1.0,True,False,False,Folk,False,True,120.0,0,1,0,3,0,1,2,0,0,1,1,1,0,0,2,3,8.0,4.0,0.0,1.0,0
30.0,Other,1.0,False,False,False,Country,False,False,119.0,0,3,0,0,0,2,0,0,0,0,0,3,1,2,2,1,8.0,10.0,2.0,0.0,0
40.0,Apple Music,2.0,True,False,False,Metal,True,True,120.0,2,0,2,1,0,1,1,0,0,1,3,1,1,1,3,0,3.0,6.0,2.0,1.0,1
64.0,No Streaming Service,4.0,True,False,False,Rock,False,False,200.0,2,1,2,1,0,1,2,1,1,0,1,2,1,1,2,1,4.0,4.0,2.0,1.0,0
14.0,Spotify,2.0,True,True,False,Rock,True,True,136.0,1,0,0,2,0,2,1,0,0,0,2,3,1,2,3,1,7.0,5.0,2.0,6.0,0
26.0,YouTube Music,6.0,True,False,False,Rock,True,False,104.0,2,0,0,1,0,1,2,0,0,0,1,2,0,1,3,0,3.0,2.0,0.0,0.0,1
35.0,Spotify,4.0,True,True,True,Country,True,True,90.0,1,3,1,2,1,3,2,1,2,2,2,2,1,2,3,0,9.0,9.0,5.0,1.0,0
33.0,Other,1.0,False,False,False,Rock,False,False,120.0,0,0,0,0,0,2,0,0,1,0,0,2,1,1,3,0,3.0,10.0,4.0,1.0,1
30.0,Spotify,6.0,True,False,False,Folk,True,True,89.0,2,1,0,3,1,0,1,0,0,2,2,1,0,0,3,0,9.0,0.0,5.0,0.0,1
31.0,Spotify,2.0,False,True,False,Metal,True,False,95.0,2,2,2,1,0,1,0,0,0,1,3,3,1,2,3,2,7.0,6.0,6.0,5.0,0
27.0,Spotify,5.0,True,False,True,Folk,True,True,140.0,1,0,2,3,2,1,1,2,2,3,2,3,2,0,3,3,0.0,9.0,4.0,0.0,0
53.0,No Streaming Service,1.5,False,False,False,Pop,True,True,92.0,1,0,3,2,0,2,0,1,2,0,0,3,1,2,2,0,2.0,2.0,2.0,1.0,1
23.0,Spotify,5.0,True,True,True,Metal,True,True,120.0,2,1,0,1,0,0,1,0,0,0,3,1,0,0,3,0,6.0,9.0,2.0,1.0,0
25.0,Spotify,2.0,True,False,True,EDM,True,False,128.0,1,1,3,1,0,2,2,2,0,1,3,3,1,2,3,1,6.0,4.0,1.0,0.0,0
16.0,Apple Music,4.0,True,True,False,K pop,True,True,140.0,3,1,1,2,1,3,2,3,2,3,3,3,2,1,2,1,8.0,9.0,4.0,0.0,0
18.0,Spotify,2.0,True,True,True,Rock,True,False,120.0,0,0,1,1,0,1,0,0,0,1,0,1,0,1,3,0,6.0,7.0,4.0,3.0,0
29.0,Spotify,5.0,True,True,True,Classical,True,True,120.0,3,0,0,1,0,0,1,0,0,0,1,2,1,0,2,0,7.0,2.0,2.0,0.0,0
31.0,YouTube Music,6.0,True,False,False,EDM,True,True,136.0,1,1,3,1,0,2,0,0,0,1,1,2,2,2,2,2,8.0,6.0,5.0,6.0,1
31.0,Spotify,1.0,False,False,False,Rock,False,True,132.0,2,1,0,0,0,1,0,0,2,0,2,1,1,1,3,2,3.0,10.0,0.0,0.0,2
38.0,Spotify,6.0,True,True,False,Pop,True,True,107.0,3,2,2,2,2,3,3,1,2,2,1,3,3,3,2,0,9.0,4.0,9.0,7.0,0
17.0,Spotify,4.0,False,True,False,Classical,True,True,135.0,3,0,0,0,0,3,3,1,3,2,2,1,2,1,0,1,7.0,9.0,2.0,8.0,2
25.0,Apple Music,2.0,False,False,False,EDM,False,True,171.0,0,2,3,1,0,0,0,0,0,0,1,2,0,0,3,1,10.0,3.0,1.0,4.0,0
20.0,Spotify,2.0,False,True,True,Metal,False,True,220.0,1,0,0,0,0,0,1,0,0,0,3,0,0,1,2,1,0.0,0.0,0.0,1.0,1
15.0,Spotify,2.0,True,False,False,EDM,False,False,171.0,0,0,3,0,0,2,0,0,0,0,0,1,1,2,0,1,9.0,6.0,1.0,7.0,1
16.0,Spotify,4.0,True,False,True,Lofi,True,False,85.0,1,1,3,1,0,1,1,0,0,3,1,2,0,1,1,3,7.0,1.0,3.0,5.0,0
20.0,Spotify,2.0,True,True,False,EDM,False,True,174.0,2,0,3,0,0,2,0,2,0,0,0,2,0,0,2,2,9.0,7.0,5.0,7.0,0
23.0,Other,6.0,True,False,False,Rap,True,True,87.0,0,0,2,2,0,1,0,2,2,0,0,3,3,2,1,0,3.0,1.0,2.0,7.0,0
22.0,Spotify,3.0,True,False,False,Hip hop,True,True,77.0,1,0,2,1,0,3,1,0,2,1,2,3,2,3,2,1,6.0,6.0,8.0,0.0,0
15.0,No Streaming Service,5.0,True,False,False,Rock,True,True,126.0,1,0,3,1,0,0,0,0,0,2,1,3,0,0,3,2,10.0,6.0,0.0,4.0,0
17.0,No Streaming Service,0.5,True,True,False,Video game music,False,True,136.0,1,2,2,0,0,0,1,0,0,0,1,2,1,1,2,3,6.0,3.0,1.0,1.0,0
22.0,YouTube Music,1.0,True,False,False,Video game music,True,True,80.0,1,0,1,2,0,1,0,0,0,2,0,1,0,0,1,3,3.0,3.0,0.0,7.0,1
21.0,Spotify,10.0,True,False,False,Metal,True,True,92.0,0,1,1,0,0,3,0,1,0,0,3,2,2,3,3,2,9.0,10.0,2.0,2.0,1
19.0,Spotify,2.0,True,False,False,Pop,False,True,120.0,1,0,2,1,0,1,2,2,2,2,0,3,3,2,3,3,7.0,5.0,0.0,2.0,1
32.0,Apple Music,0.5,False,False,False,Classical,True,False,120.0,3,0,2,1,0,0,1,0,0,0,2,1,0,0,3,1,3.0,0.0,4.0,4.0,1
34.0,YouTube Music,1.0,False,False,False,Rock,False,True,138.0,1,0,0,2,0,1,0,0,1,0,0,1,0,2,3,0,9.0,9.0,6.0,4.0,0
18.0,No Streaming Service,2.0,True,True,False,Metal,True,True,150.0,2,0,1,0,0,0,0,0,0,0,3,1,0,1,3,2,5.0,7.0,7.0,2.0,0
21.0,Spotify,3.0,True,False,False,Country,True,False,108.0,1,3,0,2,1,1,0,0,0,0,1,2,0,0,3,2,0.0,8.0,0.0,5.0,0
20.0,Spotify,3.0,False,False,False,Country,True,True,119.0,1,3,1,2,0,2,1,2,0,0,0,3,3,1,2,0,8.0,4.0,3.0,4.0,0
19.0,Spotify,2.0,True,False,False,Country,True,False,125.0,1,3,1,2,1,0,0,0,1,1,2,1,0,0,2,0,7.0,2.0,0.0,7.0,1
25.0,No Streaming Service,1.0,False,False,False,Pop,False,True,120.0,1,0,0,1,0,1,1,0,0,1,1,3,1,1,3,3,9.0,9.0,6.0,9.0,1
31.0,Spotify,8.0,True,True,False,Classical,True,True,120.0,3,0,1,1,0,0,2,0,0,0,0,0,0,0,1,1,5.0,7.0,5.0,4.0,0
21.0,Spotify,1.0,True,True,False,Pop,True,True,85.0,3,1,1,2,0,1,0,2,0,1,3,3,2,3,2,3,5.0,1.0,0.0,0.0,0
31.0,YouTube Music,1.0,False,False,True,Folk,True,True,113.0,3,0,0,2,0,1,0,0,1,0,0,0,0,0,2,0,4.0,1.0,3.0,0.0,0
20.0,YouTube Music,1.0,False,False,False,Pop,True,False,86.0,1,0,0,1,0,0,0,0,0,1,1,3,0,0,2,0,3.0,5.0,3.0,0.0,0
19.0,Spotify,5.0,True,True,False,Rock,True,False,141.0,2,1,0,0,0,1,2,0,0,0,3,2,2,1,3,0,2.0,2.0,0.0,6.0,0
19.0,Other,5.0,True,False,False,EDM,True,True,97.0,1,0,3,2,0,2,1,0,2,3,3,1,0,3,2,1,0.0,1.0,3.0,5.0,0
23.0,Spotify,4.0,True,False,False,Metal,True,True,120.0,1,2,2,0,0,2,0,1,0,2,3,3,3,3,3,1,7.0,8.0,6.0,2.0,0
24.0,No Streaming Service,8.0,True,False,True,Video game music,True,False,120.0,2,1,3,1,1,3,3,1,1,3,3,1,1,2,3,3,6.0,4.0,8.0,8.0,0
20.0,Other,0.7,False,False,False,Rock,False,False,144.0,1,0,0,0,0,0,0,0,0,2,1,3,1,0,3,1,5.0,6.0,8.0,2.0,0
15.0,Spotify,3.0,False,False,False,Video game music,False,False,84.0,1,1,2,1,1,2,1,0,0,3,1,3,0,0,3,3,6.0,6.0,2.0,6.0,1
17.0,Spotify,7.0,True,False,False,Hip hop,False,True,84.0,0,0,1,0,1,3,0,0,0,1,1,1,1,3,1,1,8.0,9.0,3.0,4.0,0
20.0,No Streaming Service,1.5,False,True,True,Video game music,False,True,60.0,3,0,0,1,1,0,0,0,2,0,0,0,0,0,0,3,8.0,4.0,3.0,3.0,2
14.0,Spotify,4.0,True,True,True,Video game music,True,True,81.0,2,0,2,1,0,1,2,2,0,3,0,2,1,1,0,3,8.0,6.0,5.0,7.0,0
24.0,Spotify,4.0,True,False,False,Metal,True,True,150.0,2,1,0,1,1,1,0,0,0,0,3,2,1,1,3,0,8.0,8.0,7.0,7.0,0
14.0,Other,10.0,True,False,True,Video game music,False,False,95.0,1,0,2,0,0,2,1,0,0,3,2,0,0,2,1,3,5.0,2.0,5.0,0.0,0
23.0,Spotify,2.0,True,True,True,Rock,True,False,138.0,3,0,1,1,0,2,2,0,1,1,1,2,2,2,3,2,6.0,8.0,4.0,2.0,1
28.0,Apple Music,2.0,True,False,False,Rock,False,False,120.0,1,0,0,1,0,0,2,1,0,2,1,2,1,0,3,1,7.0,5.0,2.0,1.0,1
22.0,Spotify,6.0,True,False,False,Jazz,True,True,140.0,2,1,3,1,1,1,3,2,0,2,2,2,2,1,3,2,8.0,8.0,7.0,1.0,0
25.0,Spotify,0.5,True,True,False,Rock,True,True,139.0,1,0,3,0,0,1,0,1,0,0,1,2,1,1,3,2,10.0,2.0,0.0,0.0,0
27.0,Spotify,2.0,True,True,True,Pop,True,True,100.0,2,1,3,0,0,2,3,3,2,2,2,3,3,1,2,2,8.0,7.0,7.0,5.0,0
18.0,Spotify,5.0,True,False,False,Rock,True,True,120.0,1,0,1,1,0,1,0,1,0,1,2,3,1,2,3,3,8.0,8.0,8.0,6.0,0
17.0,Apple Music,3.0,True,True,True,Pop,True,False,120.0,1,1,0,2,0,2,3,0,1,0,2,3,3,3,3,0,8.0,10.0,9.0,2.0,0
23.0,Other,4.5,True,False,False,Rock,False,True,120.0,2,1,0,2,1,2,1,1,0,1,2,2,1,2,3,2,6.0,1.0,8.0,4.0,1
40.0,Other,3.0,True,False,False,Rock,True,True,178.0,2,0,0,0,0,0,1,0,0,1,2,2,1,0,2,0,0.0,4.0,4.0,0.0,0
27.0,Spotify,20.0,True,False,False,Rock,True,True,120.0,2,1,2,1,0,1,0,2,1,2,3,1,0,1,3,2,8.0,10.0,10.0,8.0,1
18.0,Spotify,1.0,False,False,False,Pop,True,False,100.0,1,1,0,1,1,2,0,0,0,0,0,3,1,2,2,1,3.0,2.0,0.0,1.0,1
16.0,Spotify,2.5,False,True,True,Metal,True,False,110.0,0,0,0,0,0,0,1,0,0,1,3,0,0,1,3,2,5.0,3.0,3.0,1.0,0
18.0,Spotify,1.0,False,False,False,Rock,True,True,108.0,2,1,0,2,0,2,0,0,0,0,2,2,1,1,3,1,8.0,9.0,6.0,1.0,0
23.0,Spotify,2.0,False,True,False,Jazz,False,True,120.0,1,1,1,1,1,1,1,1,1,1,1,1,1,1,1,1,10.0,3.0,0.0,10.0,1
15.0,No Streaming Service,5.0,True,True,False,Metal,True,False,161.0,0,0,1,0,0,0,0,0,0,0,3,1,0,1,2,0,6.0,7.0,8.0,2.0,0
20.0,Apple Music,3.0,True,True,False,Metal,True,False,200.0,2,1,0,0,0,1,2,0,0,1,3,1,0,1,3,2,7.0,4.0,7.0,0.0,0
16.0,Spotify,3.0,True,True,False,Rock,True,False,120.0,0,1,0,1,0,0,0,0,2,0,1,1,1,1,3,1,9.0,8.0,6.0,2.0,0
16.0,Spotify,0.5,False,False,False,Rock,False,True,156.0,2,0,1,0,0,1,1,0,0,0,0,2,0,0,3,2,8.0,0.0,0.0,0.0,0
20.0,Apple Music,8.0,True,True,True,Country,True,False,120.0,0,3,0,2,0,1,0,0,0,0,0,1,1,1,2,0,8.0,9.0,2.0,5.0,1
33.0,Spotify,2.0,True,False,False,Metal,True,True,120.0,1,1,0,1,0,2,0,0,0,0,3,0,0,2,2,2,7.0,2.0,3.0,0.0,0
22.0,Spotify,3.0,True,True,True,Rock,True,True,90.0,0,3,1,2,0,1,2,0,3,0,1,2,3,2,3,0,10.0,10.0,4.0,0.0,0
21.0,Spotify,3.0,True,False,False,Hip hop,True,True,85.0,0,0,1,0,0,3,1,0,0,2,0,3,3,3,3,0,8.0,8.0,3.0,3.0,0
21.0,Apple Music,5.0,True,True,False,Metal,True,True,171.0,1,0,2,0,0,3,2,0,0,2,3,1,2,3,2,2,8.0,7.0,7.0,4.0,0
29.0,Apple Music,1.5,True,False,True,Rock,True,True,108.0,1,0,2,0,0,1,1,0,0,0,1,3,3,3,3,0,8.0,7.0,1.0,2.0,0
56.0,No Streaming Service,1.0,True,False,False,Pop,False,False,105.0,0,1,0,1,0,0,0,0,0,0,0,2,2,0,2,0,6.0,5.0,10.0,2.0,1
17.0,Spotify,2.0,True,True,False,Pop,True,False,76.0,2,0,0,0,0,1,1,0,0,1,0,3,1,1,0,1,7.0,6.0,0.0,4.0,0
22.0,Spotify,1.0,True,False,False,Pop,False,False,108.0,1,1,2,0,0,0,1,0,0,0,0,3,0,0,1,1,7.0,4.0,0.0,0.0,0
26.0,Spotify,4.0,True,False,False,Pop,True,True,140.0,2,2,1,1,0,2,0,1,0,1,0,3,1,1,3,1,8.0,7.0,2.0,10.0,1
30.0,Spotify,1.0,True,False,False,EDM,True,True,200.0,0,0,3,0,0,2,0,0,0,0,1,0,0,2,0,0,4.0,4.0,4.0,0.0,0
49.0,Spotify,2.0,True,False,False,Folk,True,False,147.0,1,1,2,3,0,2,1,0,0,2,1,2,2,2,1,1,0.0,0.0,2.0,0.0,1
22.0,Spotify,2.0,True,True,True,EDM,True,True,120.0,1,2,3,2,1,2,2,1,1,2,3,2,2,3,2,3,6.0,4.0,0.0,1.0,0
32.0,Spotify,2.0,False,False,False,Rock,True,False,158.0,0,1,2,1,0,2,0,0,0,2,1,2,2,2,2,0,4.0,7.0,0.0,0.0,0
32.0,No Streaming Service,1.0,False,False,False,Rock,False,False,110.0,1,2,0,2,0,0,0,0,1,0,2,3,1,0,3,0,8.0,4.0,3.0,0.0,1
22.0,YouTube Music,6.0,True,False,False,Country,True,False,103.0,0,3,0,1,0,2,0,0,1,0,2,0,0,2,3,1,5.0,5.0,3.0,3.0,0
17.0,Spotify,2.0,True,False,False,Rock,True,True,93.0,0,1,2,2,1,1,2,1,1,1,3,3,2,2,3,2,0.0,8.0,0.0,0.0,0
21.0,Spotify,4.0,True,True,False,Rock,True,False,62.0,1,0,0,1,0,0,0,0,0,0,1,3,1,0,3,0,7.0,4.0,6.0,1.0,0
17.0,Spotify,1.5,True,False,False,Rock,True,True,180.0,3,0,1,1,0,0,0,0,3,1,1,2,2,1,3,1,8.0,7.0,7.0,3.0,1
25.0,Spotify,3.0,True,False,False,Metal,False,False,150.0,2,2,1,1,0,0,0,0,0,0,3,2,2,0,3,2,9.0,8.0,6.0,2.0,0
15.0,Spotify,4.0,True,False,True,Rock,True,False,105.0,0,0,1,0,0,1,0,2,0,3,2,3,2,1,3,0,8.0,6.0,4.0,0.0,0
13.0,Spotify,10.0,True,False,False,Rap,True,False,140.0,0,0,1,0,0,2,0,0,0,2,0,1,1,3,0,1,7.0,2.0,0.0,8.0,0
38.0,Spotify,3.0,True,False,False,Rock,False,True,120.0,3,1,0,1,0,0,2,0,1,0,3,2,1,0,3,0,6.0,7.0,7.0,7.0,1
23.0,Apple Music,3.0,False,False,False,Rock,True,False,161.0,1,0,2,2,0,1,0,0,0,1,1,2,0,0,3,2,7.0,6.0,4.0,2.0,0
17.0,Spotify,3.0,True,False,False,Pop,True,True,120.0,2,2,2,1,1,3,1,3,0,3,0,3,3,3,3,1,1.0,1.0,1.0,0.0,0
59.0,YouTube Music,2.0,True,False,False,Pop,True,False,103.0,1,0,3,1,0,1,2,1,1,1,0,3,3,1,2,0,1.0,1.0,3.0,0.0,0
22.0,Spotify,2.0,True,True,True,Pop,True,False,72.0,1,1,0,1,1,2,2,0,1,1,0,3,3,2,2,1,2.0,7.0,1.0,2.0,0
17.0,Apple Music,3.0,True,False,False,Pop,True,True,113.0,2,1,0,0,0,3,2,3,1,0,0,3,1,3,2,1,6.0,2.0,3.0,1.0,1
27.0,Spotify,2.0,False,False,False,Pop,False,False,120.0,0,0,0,0,0,0,0,0,0,0,1,3,0,2,2,1,7.0,7.0,3.0,2.0,1
23.0,Spotify,5.0,True,True,False,Video game music,False,False,95.0,2,0,2,0,0,1,1,1,0,2,1,2,1,2,2,2,8.0,7.0,0.0,3.0,1
15.0,Spotify,6.0,True,False,False,Rock,False,False,97.0,1,0,2,1,0,2,1,0,0,1,1,2,2,0,3,2,8.0,3.0,5.0,2.0,0
22.0,Spotify,3.0,True,True,True,EDM,True,False,140.0,1,1,3,2,1,2,1,0,0,1,2,2,2,2,3,3,5.0,4.0,2.0,0.0,0
23.0,Spotify,5.0,True,False,False,Lofi,True,True,120.0,3,1,2,2,1,1,2,1,1,3,1,3,3,1,3,3,7.0,10.0,10.0,1.0,0
19.0,Spotify,5.0,True,False,False,Country,True,True,118.0,1,3,0,3,2,1,2,0,3,1,0,2,2,1,2,0,7.0,6.0,8.0,4.0,0
32.0,Spotify,6.0,True,False,False,Rock,False,False,91.0,0,1,2,0,0,1,1,0,0,0,0,2,1,1,3,1,8.0,7.0,0.0,9.0,0
40.0,Spotify,6.0,True,False,False,Rock,True,True,128.0,2,2,2,2,1,2,2,0,2,2,1,2,2,2,3,1,10.0,7.0,3.0,3.0,1
21.0,Spotify,3.0,True,False,False,Country,True,False,86.0,0,3,1,2,1,2,0,0,0,0,1,2,1,2,2,0,6.0,5.0,5.0,3.0,0
21.0,Spotify,10.0,True,False,False,Rock,True,True,107.0,1,0,3,2,0,1,1,1,1,2,2,3,2,1,3,3,8.0,7.0,6.0,8.0,1
23.0,Spotify,2.0,True,False,False,Video game music,True,True,180.0,2,0,3,0,0,1,1,2,0,2,0,3,1,2,2,3,10.0,7.0,7.0,3.0,2
35.0,Spotify,3.0,False,True,False,Folk,True,False,0.0,2,2,0,2,0,0,1,0,0,1,0,1,0,0,2,2,8.0,2.0,2.0,8.0,1
18.0,Spotify,1.5,False,False,False,Hip hop,False,False,150.0,0,0,0,0,0,2,2,0,0,2,0,3,0,2,2,0,3.0,7.0,4.0,0.0,0
21.0,No Streaming Service,10.0,True,False,False,Pop,True,False,112.0,0,1,0,0,0,1,0,0,0,0,0,2,1,0,2,0,9.0,7.0,5.0,5.0,0
22.0,No Streaming Service,2.0,True,False,False,Video game music,False,True,120.0,0,0,1,0,0,2,1,0,1,0,0,3,0,1,2,3,5.0,3.0,0.0,0.0,0
23.0,Spotify,3.0,True,True,True,Rock,True,True,66.0,1,1,0,3,0,2,2,0,0,0,3,3,3,2,3,0,10.0,7.0,0.0,10.0,0
13.0,Spotify,2.5,True,False,False,Folk,False,False,118.0,0,2,0,3,0,0,0,0,0,0,0,3,0,0,0,0,8.0,0.0,0.0,3.0,0
19.0,Spotify,3.0,True,False,False,K pop,True,True,110.0,2,1,1,2,0,1,0,3,0,2,0,3,3,3,3,0,6.0,0.0,3.0,0.0,0
33.0,YouTube Music,0.5,True,True,False,Rock,False,False,80.0,2,0,1,0,0,0,1,0,0,1,2,1,0,0,2,1,7.0,9.0,4.0,6.0,0
18.0,Spotify,16.0,True,False,True,Jazz,True,True,90.0,2,2,2,2,2,3,3,3,3,3,3,3,3,3,3,1,3.0,2.0,5.0,6.0,0
17.0,YouTube Music,6.0,True,True,False,Classical,True,True,120.0,3,1,0,0,0,1,2,1,0,2,0,3,0,0,0,1,4.0,2.0,0.0,0.0,0
16.0,Spotify,3.0,True,False,False,EDM,True,True,100.0,1,0,3,0,0,3,2,3,0,1,2,3,1,3,3,3,4.0,2.0,0.0,0.0,0
18.0,YouTube Music,0.5,False,False,False,Rock,True,False,66.0,1,0,0,2,0,0,0,0,0,0,0,2,1,0,3,0,5.0,3.0,1.0,0.0,1
19.0,Spotify,5.0,True,False,False,K pop,True,True,158.0,1,2,2,0,0,1,1,3,1,0,0,3,3,1,1,1,4.0,2.0,2.0,1.0,0
15.0,YouTube Music,2.0,False,True,False,Rap,True,True,105.0,3,2,0,3,2,3,2,2,0,3,2,1,3,3,2,3,4.0,0.0,6.0,5.0,1
17.0,Spotify,2.0,True,False,False,Pop,True,True,208.0,0,0,0,0,0,1,0,1,0,0,3,3,0,3,3,3,7.0,6.0,3.0,1.0,0
25.0,Spotify,2.0,True,False,False,Lofi,True,True,91.0,2,1,2,1,0,3,3,1,2,3,0,2,1,2,3,2,7.0,8.0,6.0,2.0,0
24.0,Other,1.5,True,False,False,Video game music,False,True,171.0,2,1,3,1,2,2,2,3,1,3,3,3,2,2,3,3,3.0,4.0,1.0,1.0,0
23.0,Spotify,1.0,True,True,False,Jazz,True,False,150.0,1,1,3,0,1,0,3,1,1,0,2,1,2,0,3,2,9.0,7.0,2.0,1.0,0
16.0,Spotify,10.0,True,True,False,EDM,True,True,180.0,1,1,3,2,0,1,2,1,0,1,1,3,2,2,2,2,10.0,9.0,3.0,2.0,0
25.0,YouTube Music,2.0,True,False,False,Metal,True,True,120.0,1,1,1,1,2,1,2,0,1,1,3,2,1,1,3,2,9.0,9.0,7.0,3.0,0
16.0,Spotify,15.0,True,True,True,EDM,True,False,85.0,1,0,3,0,0,1,1,0,0,1,2,2,0,3,3,2,8.0,10.0,9.0,2.0,0
20.0,No Streaming Service,0.5,False,False,False,Metal,True,True,150.0,2,1,2,0,0,2,2,0,0,2,2,1,1,1,2,2,8.0,9.0,6.0,4.0,0
17.0,Spotify,3.0,True,False,False,Metal,True,False,104.0,0,1,1,0,2,2,0,0,0,0,3,0,1,2,3,0,5.0,6.0,9.0,9.0,0
29.0,No Streaming Service,2.0,True,False,False,Metal,True,False,120.0,0,0,0,0,0,0,0,0,0,0,3,2,0,0,3,0,9.0,3.0,7.0,2.0,0
20.0,Spotify,4.0,True,False,False,Hip hop,True,False,85.0,0,1,3,1,0,3,0,0,0,0,0,2,2,3,2,0,3.0,2.0,1.0,6.0,0
16.0,Spotify,2.0,True,False,False,Folk,True,False,120.0,0,0,0,3,0,1,0,0,0,0,2,3,0,1,2,0,7.0,7.0,4.0,0.0,0
21.0,Spotify,1.0,True,False,False,Rock,True,False,147.0,1,2,2,2,0,2,1,1,1,1,1,3,0,2,3,3,7.0,9.0,1.0,2.0,0
16.0,Spotify,24.0,True,False,False,Rock,True,True,120.0,0,0,1,0,0,0,0,1,1,1,1,1,1,1,2,1,5.0,1.0,9.0,1.0,0
43.0,Spotify,1.0,True,False,False,Pop,True,False,134.0,2,0,0,2,1,2,1,0,0,1,0,3,1,1,2,0,3.0,3.0,0.0,0.0,0
32.0,Pandora,2.0,True,True,False,Classical,True,False,120.0,3,2,1,3,2,2,2,1,2,1,3,3,2,1,3,3,8.0,7.0,5.0,4.0,0
10.0,YouTube Music,2.0,True,True,False,Pop,True,True,112.0,3,0,1,0,0,1,1,3,0,1,0,3,0,1,0,3,8.0,2.0,1.0,1.0,0
27.0,Spotify,3.0,True,False,False,Metal,True,True,200.0,1,1,2,0,0,2,0,2,1,2,3,2,1,3,3,3,4.0,0.0,0.0,0.0,0
24.0,Spotify,3.0,True,True,False,Classical,False,True,75.0,3,0,0,0,1,1,0,0,2,1,2,1,0,1,0,0,9.0,6.0,1.0,1.0,0
18.0,Spotify,2.0,True,False,False,Hip hop,True,True,20.0,1,0,1,0,1,3,1,3,2,0,0,2,3,3,0,0,10.0,7.0,2.0,0.0,0
17.0,Apple Music,7.0,True,False,False,Rock,False,False,140.0,0,0,0,0,0,0,0,0,0,2,0,3,0,0,3,2,8.0,7.0,7.0,4.0,0
19.0,Spotify,6.0,True,False,False,Metal,True,False,111.0,2,0,0,0,0,0,0,0,0,0,3,1,0,0,3,2,1.0,0.0,0.0,0.0,0
16.0,YouTube Music,3.0,True,False,False,Rock,True,True,150.0,2,0,2,0,0,1,1,1,0,1,2,2,2,2,3,2,5.0,7.0,1.0,4.0,0
64.0,Other,5.0,True,False,True,Rock,True,False,120.0,2,1,0,1,2,2,3,2,0,1,2,1,2,1,3,0,7.0,6.0,9.0,2.0,0
33.0,Apple Music,4.0,True,True,True,Lofi,True,True,114.0,2,1,1,2,0,2,2,1,1,3,3,2,1,2,2,2,8.0,8.0,2.0,2.0,0
32.0,No Streaming Service,3.0,True,True,False,Rock,False,True,93.0,3,2,2,2,0,0,3,1,1,0,3,1,0,1,3,1,2.0,2.0,8.0,0.0,1
15.0,Pandora,2.0,True,True,False,Pop,True,False,145.0,1,2,0,0,0,0,0,1,3,0,0,3,2,2,0,0,6.0,0.0,0.0,2.0,0
27.0,YouTube Music,3.0,True,False,False,Metal,True,True,100.0,3,3,0,1,0,1,0,0,0,0,3,2,0,1,3,1,2.0,0.0,1.0,0.0,0
20.0,No Streaming Service,2.0,True,False,False,Rock,True,False,114.0,1,1,0,2,0,0,1,0,0,0,1,2,1,0,3,2,6.0,2.0,6.0,7.0,1
23.0,No Streaming Service,2.0,True,False,False,Pop,True,True,109.0,1,3,0,1,3,3,2,1,0,1,0,3,3,3,3,2,6.0,1.0,0.0,5.0,0
19.0,Apple Music,3.0,False,True,False,Classical,True,False,120.0,3,1,0,1,1,2,1,0,0,0,1,2,0,0,3,2,7.0,6.0,4.0,0.0,0
12.0,YouTube Music,2.0,True,True,True,Classical,False,False,120.0,3,0,0,0,0,0,0,0,0,1,0,1,0,0,0,0,0.0,0.0,3.0,0.0,0
16.0,Other,3.0,True,True,True,Classical,False,False,72.0,3,1,0,0,1,0,0,0,0,0,0,3,0,0,0,1,9.0,7.0,10.0,6.0,1
17.0,Other,0.0,False,False,False,Video game music,False,True,89.0,0,0,0,0,0,0,0,0,0,3,0,0,0,0,0,3,10.0,0.0,0.0,0.0,1
14.0,Spotify,1.0,True,True,False,Pop,True,False,140.0,1,1,3,1,1,2,2,2,1,2,1,3,2,2,2,2,6.0,6.0,3.0,0.0,0
32.0,Spotify,2.0,True,False,False,Metal,True,False,84.0,1,1,3,1,1,1,1,1,0,2,3,2,1,1,2,3,4.0,3.0,1.0,6.0,0
20.0,Spotify,2.0,True,True,False,Pop,False,True,132.0,0,0,0,0,0,1,0,0,0,0,0,0,0,1,1,1,6.0,2.0,2.0,1.0,1
54.0,No Streaming Service,6.0,True,False,False,Classical,False,False,120.0,3,2,0,0,0,2,1,1,1,0,1,2,2,1,1,0,2.0,2.0,3.0,2.0,0
18.0,Spotify,5.0,True,False,False,K pop,True,True,124.0,0,1,1,0,0,1,1,3,1,1,0,3,1,2,2,0,7.0,4.0,5.0,6.0,0
14.0,Spotify,2.0,True,True,False,Classical,True,False,181.0,3,0,0,0,0,1,0,0,0,1,2,2,0,1,3,1,7.0,5.0,3.0,2.0,0
13.0,Other,4.0,True,True,True,Classical,True,False,126.0,3,0,2,1,0,0,1,1,0,0,1,3,0,0,2,2,8.0,5.0,10.0,3.0,0
19.0,Apple Music,8.0,True,False,True,Country,True,False,109.0,0,3,0,1,0,0,0,0,0,0,1,1,0,1,2,1,7.0,5.0,6.0,5.0,0
14.0,Spotify,4.0,True,True,False,Classical,True,False,106.0,3,0,1,0,0,2,2,1,1,1,2,2,2,2,2,1,6.0,8.0,8.0,2.0,0
14.0,YouTube Music,1.5,False,True,False,Classical,True,False,140.0,3,0,0,0,1,0,2,0,0,0,0,0,0,0,1,2,1.0,2.0,4.0,3.0,0
18.0,Apple Music,2.0,True,True,False,Rap,True,True,170.0,3,0,2,0,0,3,2,1,3,2,1,2,2,3,1,2,3.0,2.0,0.0,2.0,0
15.0,Spotify,5.0,True,False,False,Folk,True,True,87.0,1,2,0,3,1,2,0,0,0,2,0,0,0,2,1,1,6.0,7.0,7.0,4.0,0
24.0,YouTube Music,6.0,True,True,False,Classical,False,False,120.0,3,0,2,0,0,0,0,3,0,0,0,0,0,0,1,0,6.0,7.0,2.0,0.0,1
17.0,Apple Music,2.0,True,False,False,Pop,False,True,117.0,1,0,0,0,0,1,1,0,0,2,1,3,3,0,0,2,9.0,8.0,4.0,8.0,0
44.0,Spotify,2.0,False,False,False,Rock,True,False,105.0,2,2,2,2,1,2,1,1,0,0,2,2,2,2,3,0,7.0,7.0,2.0,1.0,0
23.0,Spotify,1.0,False,True,False,Rock,True,False,120.0,2,0,0,0,0,0,1,0,0,1,2,0,0,0,3,0,1.0,0.0,1.0,0.0,0
21.0,Apple Music,1.0,False,False,False,Rap,False,False,160.0,1,1,0,0,0,2,1,0,0,1,1,2,2,2,1,0,4.0,3.0,4.0,5.0,0
57.0,Other,2.0,False,False,False,R&B,True,False,120.0,1,2,0,0,1,2,2,0,0,0,0,2,2,2,1,0,2.0,0.0,0.0,0.0,0
23.0,Spotify,2.0,True,True,False,Rock,True,True,141.0,1,1,0,3,0,1,0,0,0,3,3,3,0,2,3,3,0.0,5.0,7.0,0.0,1
18.0,Spotify,1.0,True,True,False,Pop,False,True,105.0,2,1,0,0,1,0,1,0,2,1,0,3,0,0,0,3,8.0,7.0,7.0,0.0,0
26.0,Spotify,14.0,True,False,False,Hip hop,True,True,158.0,2,2,1,3,0,3,3,1,1,3,1,2,3,3,3,1,5.0,10.0,8.0,0.0,1
13.0,YouTube Music,3.0,True,False,True,Classical,False,False,80.0,3,0,0,0,0,0,0,0,0,0,0,0,0,0,0,0,8.0,7.0,9.0,2.0,0
15.0,Spotify,3.0,True,True,True,Classical,True,False,118.0,3,0,0,0,0,0,0,1,0,2,0,2,0,0,0,2,9.0,6.0,8.0,5.0,0
57.0,YouTube Music,2.0,True,True,True,Rock,True,False,125.0,0,0,0,0,0,1,2,0,1,1,2,2,2,1,3,0,2.0,2.0,7.0,0.0,1
12.0,Spotify,0.5,True,True,True,Classical,True,True,109.0,3,0,0,0,0,0,1,0,0,1,0,2,0,0,0,0,7.0,8.0,6.0,2.0,0
26.0,Spotify,6.0,True,False,False,EDM,False,True,156.0,0,0,3,0,0,0,0,0,0,0,0,1,1,1,0,1,10.0,10.0,8.0,2.0,1
17.0,Spotify,1.0,True,True,False,Country,False,False,105.0,0,3,0,1,1,0,1,0,0,0,1,1,1,0,2,1,8.0,5.0,2.0,3.0,0
17.0,Spotify,2.0,True,True,False,Classical,True,True,120.0,3,0,1,0,0,0,0,1,0,1,1,2,1,0,2,2,7.0,8.0,2.0,5.0,0
69.0,Pandora,4.0,True,True,True,Classical,True,True,72.0,3,2,0,2,2,1,3,1,1,1,0,2,2,0,3,0,1.0,1.0,2.0,0.0,0
17.0,Spotify,3.0,True,True,True,R&B,True,True,148.0,3,0,1,0,2,3,3,3,2,0,1,3,3,3,2,0,9.0,10.0,10.0,3.0,1
32.0,Spotify,12.0,True,True,True,Jazz,True,True,200.0,0,0,2,1,0,2,3,1,0,2,0,1,2,1,0,0,9.0,4.0,4.0,4.0,0
22.0,YouTube Music,3.0,False,True,False,Classical,True,False,113.0,3,0,0,0,0,0,2,0,0,0,0,1,0,0,1,0,8.0,2.0,4.0,0.0,1
38.0,Spotify,1.0,False,False,False,Metal,True,True,191.0,1,0,0,2,0,0,1,0,0,0,3,0,0,0,2,1,1.0,1.0,5.0,1.0,0
18.0,YouTube Music,10.0,True,False,False,EDM,True,False,140.0,0,0,3,2,0,2,0,0,0,2,0,3,3,3,0,0,10.0,9.0,9.0,8.0,0
14.0,Spotify,5.0,True,True,False,Classical,True,True,40.0,3,1,1,1,1,1,1,2,1,2,0,2,2,1,1,3,3.0,0.0,2.0,3.0,0
14.0,Other,0.5,True,True,False,Video game music,True,True,173.0,3,0,0,1,0,0,1,2,1,0,0,3,0,0,0,3,4.0,0.0,4.0,0.0,0
19.0,Spotify,5.0,True,True,True,Metal,True,True,180.0,1,1,1,1,0,1,1,0,1,2,3,2,1,1,3,2,2.0,3.0,5.0,2.0,0
20.0,YouTube Music,3.0,True,True,True,Classical,True,False,100.0,3,2,1,2,1,1,3,1,1,0,1,2,2,1,1,1,2.0,3.0,3.0,0.0,0
18.0,Spotify,2.0,False,False,False,Rock,True,False,123.0,0,3,0,1,1,1,1,0,0,0,2,3,0,2,2,2,8.0,4.0,3.0,0.0,0
30.0,Spotify,13.0,True,False,False,K pop,True,True,145.0,2,0,1,2,0,2,2,3,3,1,1,3,3,2,3,2,10.0,10.0,10.0,7.0,0
31.0,No Streaming Service,4.0,True,True,False,Classical,True,True,55.0,3,1,0,1,1,0,2,0,0,1,1,0,0,0,2,2,8.0,8.0,9.0,3.0,0
72.0,Spotify,6.0,True,True,True,Rock,False,False,77.0,0,2,0,0,0,0,3,0,2,0,0,1,3,0,3,0,0.0,1.0,0.0,2.0,0
73.0,Pandora,3.0,True,False,False,R&B,True,True,4.0,2,3,1,2,3,2,2,1,3,0,1,2,3,2,2,0,5.0,4.0,0.0,1.0,0
16.0,Spotify,4.0,True,False,False,Pop,True,True,150.0,1,1,2,2,1,3,1,2,1,2,1,3,1,1,1,1,7.5,5.0,7.0,8.5,0
19.0,YouTube Music,3.0,False,True,False,Rap,True,True,73.0,1,0,2,0,0,2,1,0,0,1,0,2,1,3,2,2,3.0,3.0,0.0,0.0,0
16.0,Spotify,2.0,True,True,False,Classical,False,False,155.0,3,1,0,1,0,1,1,0,0,1,0,3,0,0,1,1,7.0,5.0,3.0,1.0,0
12.0,Spotify,2.0,True,True,True,Classical,True,True,120.0,3,1,0,0,1,2,1,1,0,0,0,2,0,1,2,0,8.0,0.0,1.0,6.0,0
39.0,Spotify,1.0,True,False,False,Hip hop,True,True,89.0,0,1,1,2,0,3,1,1,1,2,2,3,2,3,3,0,6.0,4.0,1.0,1.0,0
15.0,Spotify,6.0,True,True,False,K pop,True,True,110.0,2,0,1,2,0,1,2,3,2,2,1,3,2,1,3,0,8.0,8.0,7.0,10.0,1
14.0,Spotify,9.0,True,False,False,R&B,True,True,140.0,3,1,1,1,1,2,1,3,1,2,1,3,3,3,1,1,10.0,8.0,9.0,5.0,0
21.0,Spotify,1.0,False,False,False,Country,False,False,135.0,0,3,0,0,0,0,0,0,0,0,0,0,0,0,0,0,3.0,0.0,2.0,0.0,0
38.0,Apple Music,1.0,True,False,False,Video game music,False,False,125.0,1,0,0,0,0,1,2,1,1,0,1,2,1,1,1,3,5.0,5.0,7.0,1.0,2
23.0,Spotify,0.5,False,False,True,Hip hop,True,True,110.0,2,2,1,1,1,3,1,3,1,2,1,2,2,3,1,2,7.0,7.0,6.0,5.0,0
16.0,Other,1.0,False,False,False,EDM,True,False,140.0,0,0,3,0,0,2,1,0,0,2,2,1,1,1,2,2,7.0,4.0,6.0,3.0,0
13.0,Spotify,6.0,True,False,False,Rap,True,False,112.0,0,0,0,0,0,3,0,1,0,1,0,1,0,3,0,0,4.0,0.0,0.0,2.0,2
16.0,Spotify,4.0,True,False,False,Rock,True,False,96.0,1,2,2,2,0,2,1,2,0,3,3,3,0,0,3,2,3.0,0.0,6.0,9.0,0
18.0,Spotify,6.0,True,False,True,Rock,True,False,120.0,2,1,1,3,0,2,0,2,0,3,3,2,1,2,3,3,5.0,1.0,6.0,0.0,0
21.0,Spotify,4.0,True,False,False,Metal,True,True,155.0,0,0,3,0,0,0,0,0,0,1,2,0,0,0,3,3,10.0,6.0,8.0,0.0,0
17.0,Spotify,1.5,True,False,False,Classical,True,True,174.0,3,1,0,1,0,0,2,0,0,2,0,3,1,0,0,0,7.0,5.0,1.0,2.0,1
24.0,Apple Music,2.0,True,False,False,Rock,True,True,93.0,1,2,0,3,0,2,2,0,1,2,0,1,1,2,3,0,7.0,7.0,0.0,4.0,1
14.0,Apple Music,2.0,True,False,False,Pop,True,False,78.0,1,0,0,2,0,2,0,1,3,1,1,3,2,2,1,0,6.0,0.0,0.0,0.0,0
25.0,Spotify,4.0,True,False,False,Rock,True,True,120.0,2,1,1,3,1,2,2,1,1,2,2,2,1,2,3,3,6.0,2.0,3.0,2.0,0
22.0,Spotify,3.0,True,False,False,Lofi,True,True,174.0,1,3,2,1,1,1,1,1,1,3,1,1,1,1,1,1,7.0,6.0,7.0,9.0,0
20.0,No Streaming Service,4.0,True,False,False,Rock,True,True,120.0,1,0,2,0,0,1,0,3,1,1,2,3,1,1,3,1,5.0,7.0,7.0,0.0,1
23.0,Spotify,2.0,True,False,False,Pop,False,False,75.0,2,1,1,2,0,3,2,0,0,0,0,3,3,3,2,2,7.0,6.0,4.0,3.0,0
61.0,Pandora,2.0,True,False,False,Rock,True,False,94.0,0,0,0,1,0,0,0,1,0,0,2,2,1,0,2,0,2.0,2.0,2.0,0.0,0
24.0,Spotify,6.0,True,False,False,Video game music,False,True,180.0,2,0,2,3,0,0,0,1,0,1,2,1,0,0,3,3,9.0,5.0,0.0,7.0,0
34.0,Spotify,0.0,False,True,False,Rock,False,True,115.0,1,1,0,2,0,0,0,0,0,0,1,0,0,0,3,0,3.0,7.0,8.0,0.0,2
49.0,Spotify,1.0,False,False,False,Pop,True,False,128.0,2,0,0,0,0,3,1,0,0,3,0,3,3,3,2,0,4.0,5.0,9.0,1.0,0
33.0,No Streaming Service,4.0,True,True,False,Rock,True,True,112.0,1,2,1,1,1,1,1,0,0,3,1,2,1,1,3,3,1.0,0.0,7.0,0.0,0
22.0,No Streaming Service,2.0,False,True,True,Metal,False,False,140.0,0,0,1,0,0,0,0,0,0,0,3,1,1,0,3,3,3.0,2.0,0.0,2.0,1
38.0,Spotify,3.0,True,False,False,Metal,True,True,143.0,1,0,0,0,0,0,0,0,0,0,3,0,0,1,2,0,1.0,6.0,1.0,2.0,0
23.0,YouTube Music,4.0,False,False,False,Hip hop,True,False,72.0,1,1,0,1,0,3,1,0,0,2,1,3,2,2,2,1,8.0,10.0,4.0,0.0,1
34.0,No Streaming Service,2.0,False,False,False,Video game music,False,True,100.0,1,1,1,0,0,2,1,1,0,1,1,0,0,2,1,3,8.0,10.0,10.0,0.0,1
40.0,Other,3.0,True,False,False,Metal,True,True,120.0,0,0,0,0,0,0,2,0,2,0,3,1,1,0,2,0,3.0,0.0,8.0,1.0,1
27.0,Spotify,1.0,False,False,False,Hip hop,True,False,120.0,2,0,1,0,0,3,1,0,0,1,0,2,3,3,0,0,3.0,4.0,1.0,0.0,0
54.0,YouTube Music,10.0,True,False,False,Rock,True,False,120.0,2,2,0,1,0,0,1,0,0,0,1,1,2,0,2,0,2.0,1.0,2.0,2.0,0
16.0,Spotify,10.0,False,False,False,Rock,True,False,105.0,1,3,0,3,1,1,2,0,0,0,3,2,1,1,3,0,0.0,0.0,0.0,0.0,1
23.0,No Streaming Service,10.0,True,False,False,Video game music,False,True,119.0,1,0,2,2,0,1,0,2,0,2,1,2,0,1,2,3,8.0,8.0,5.0,0.0,0
35.0,Spotify,4.0,False,False,False,Country,True,False,120.0,0,3,0,1,0,0,0,0,0,0,2,2,0,0,2,1,1.0,1.0,1.0,0.0,1
22.0,YouTube Music,4.0,True,False,False,Folk,True,True,137.0,1,2,3,3,0,2,2,0,1,2,3,3,2,2,3,2,8.0,7.0,6.0,2.0,0
41.0,Spotify,3.0,False,False,False,Metal,True,True,178.0,3,1,0,1,0,0,0,2,0,0,3,1,0,1,2,3,6.0,5.0,4.0,0.0,1
63.0,Spotify,2.0,True,False,False,Rock,True,False,133.0,3,2,1,3,0,1,2,0,1,0,0,0,1,0,3,0,5.0,4.0,6.0,2.0,0
28.0,Spotify,1.0,False,True,False,Rock,True,False,72.0,1,1,0,1,0,1,0,0,0,2,1,2,0,1,2,0,3.0,1.0,0.0,2.0,1
22.0,Spotify,6.0,True,True,False,Country,True,False,120.0,1,3,2,3,1,2,2,0,1,2,2,2,1,2,3,2,4.0,8.0,2.0,2.0,0
58.0,YouTube Music,1.0,True,False,False,Rock,True,False,133.0,1,2,1,2,2,2,2,0,1,1,2,1,2,2,2,0,5.0,6.0,3.0,1.0,0
58.0,YouTube Music,1.0,True,True,True,Classical,True,False,80.0,2,1,0,1,2,1,2,1,1,0,0,1,0,0,0,0,0.0,0.0,2.0,1.0,0
67.0,Other,4.0,True,False,False,Rock,False,False,146.0,0,2,0,0,0,0,2,0,0,0,1,0,1,0,3,0,7.0,6.0,7.0,4.0,0
70.0,No Streaming Service,2.0,True,False,False,Country,False,False,88.0,2,3,0,0,0,0,0,0,0,0,0,0,0,0,0,0,8.0,5.0,6.0,1.0,0
60.0,YouTube Music,2.0,True,False,False,Rock,False,True,132.0,2,2,0,2,1,0,1,0,1,0,1,2,2,1,3,1,4.0,4.0,2.0,0.0,0
15.0,Spotify,2.0,True,True,True,Pop,True,False,102.0,1,1,2,0,2,1,2,2,0,0,0,3,2,0,2,3,9.0,8.0,10.0,9.0,0
18.0,YouTube Music,6.0,True,False,False,EDM,True,True,91.0,3,1,3,1,2,3,2,0,2,3,2,3,3,3,2,3,5.0,5.0,7.0,0.0,0
58.0,Other,3.0,True,False,False,Hip hop,True,True,127.0,2,0,2,1,2,3,3,0,2,3,0,1,3,2,2,0,4.0,6.0,8.0,1.0,0
28.0,Other,1.0,True,False,False,Lofi,True,True,82.0,2,1,1,1,1,2,2,1,2,3,1,2,2,1,2,2,4.0,8.0,5.0,0.0,0
22.0,Spotify,4.0,True,True,False,Lofi,True,False,141.0,1,1,0,2,0,1,2,0,0,3,1,2,1,1,3,0,9.0,10.0,6.0,7.0,0
49.0,YouTube Music,0.5,False,False,False,Classical,False,False,114.0,3,2,1,2,3,2,2,1,1,0,1,2,2,2,1,1,3.0,2.0,2.0,2.0,0
20.0,YouTube Music,8.0,True,False,False,Rock,True,True,148.0,0,1,1,2,0,0,1,0,0,1,2,1,2,0,3,2,6.0,2.0,2.0,1.0,0
55.0,YouTube Music,15.0,True,False,False,Rock,False,False,156.0,1,0,0,3,0,0,2,0,1,0,0,1,0,0,3,0,2.0,0.0,3.0,0.0,1
48.0,Spotify,1.5,True,True,False,Metal,False,False,185.0,1,0,1,0,0,0,1,0,0,0,2,0,1,0,1,1,10.0,8.0,0.0,4.0,0
14.0,Spotify,2.0,True,True,False,K pop,True,True,114.0,2,0,1,0,0,2,2,3,0,2,0,1,1,1,0,1,4.0,4.0,2.0,2.0,0
18.0,Spotify,3.0,True,True,False,Pop,True,True,120.0,2,0,2,1,0,3,2,3,3,2,1,3,3,3,2,2,7.0,8.0,6.0,2.0,0
25.0,Spotify,1.0,True,False,False,Pop,True,True,80.0,3,1,1,1,0,2,2,0,0,1,3,3,1,2,2,2,7.0,6.0,5.0,5.0,0
71.0,No Streaming Service,0.25,True,False,False,Gospel,False,True,120.0,2,1,0,1,2,0,0,0,2,0,0,1,1,0,1,0,1.0,0.0,0.0,0.0,0
60.0,YouTube Music,1.0,False,True,True,Gospel,False,False,120.0,2,1,0,0,3,1,0,0,0,0,0,0,0,1,1,0,6.0,2.0,8.0,0.0,0
18.0,No Streaming Service,1.0,True,False,True,Video game music,False,False,116.0,1,1,2,2,0,1,2,0,0,0,2,0,1,2,2,3,4.0,5.0,7.0,0.0,1
19.0,Spotify,5.0,True,False,False,Hip hop,False,True,99.0,1,3,2,1,1,3,0,1,3,0,1,2,2,3,1,2,10.0,7.0,0.0,0.0,0
74.0,No Streaming Service,1.0,False,False,False,Pop,False,False,129.0,1,3,0,2,2,0,1,0,2,0,0,3,2,0,2,0,4.0,2.0,1.0,0.0,0
36.0,Pandora,1.0,True,False,False,Hip hop,False,False,131.0,2,0,0,0,0,3,0,0,0,0,0,3,2,2,2,0,7.0,6.0,2.0,3.0,0
14.0,Spotify,7.0,True,False,False,Lofi,True,True,95.0,0,0,0,0,0,2,0,0,0,3,0,3,0,2,0,1,3.0,2.0,8.0,0.0,0
20.0,Spotify,3.0,False,True,True,Hip hop,True,True,80.0,3,1,1,2,0,3,2,0,2,1,1,2,2,3,3,1,10.0,7.0,4.0,3.0,0
15.0,Spotify,3.0,True,False,False,K pop,True,True,204.0,1,0,1,0,0,3,2,3,0,0,0,1,2,3,2,3,4.0,0.0,0.0,0.0,1
19.0,No Streaming Service,7.0,True,False,False,Rock,False,False,128.0,2,1,0,1,0,0,2,0,0,0,1,0,0,0,3,2,7.0,7.0,0.0,0.0,0
29.0,Spotify,8.0,True,False,False,EDM,False,True,140.0,1,2,3,2,0,2,1,0,0,1,2,0,0,3,3,3,6.0,7.0,4.0,1.0,0
24.0,Spotify,2.0,True,False,False,Metal,True,False,159.0,0,1,3,2,3,0,0,0,0,1,3,1,0,0,2,1,7.0,6.0,2.0,7.0,0
18.0,Apple Music,2.0,True,False,False,Pop,True,True,104.0,1,1,1,1,1,3,1,1,2,1,2,3,3,3,3,0,6.0,5.0,8.0,0.0,0
21.0,Spotify,2.0,True,False,False,Rock,True,True,97.0,2,0,0,2,0,1,1,1,0,1,0,3,1,1,3,1,10.0,10.0,2.0,3.0,0
19.0,Spotify,2.0,True,False,False,K pop,True,True,80.0,1,0,1,0,0,2,2,3,0,2,0,2,3,1,2,2,7.0,6.0,5.0,1.0,0
25.0,Spotify,4.0,False,False,False,Video game music,True,True,134.0,2,0,0,1,1,0,0,1,3,0,0,3,2,0,0,3,3.0,0.0,0.0,0.0,0
28.0,Spotify,8.0,True,False,False,Rock,True,True,120.0,1,1,1,2,1,2,2,1,1,3,1,3,2,2,3,2,8.0,2.0,1.0,0.0,1
27.0,Other,4.0,True,False,False,Rap,True,False,135.0,1,0,0,0,0,2,1,2,0,2,0,1,0,3,1,1,7.0,6.0,6.0,5.0,0
60.0,Spotify,1.0,False,False,False,Rock,True,False,129.0,2,1,0,2,0,0,2,0,0,0,0,1,1,0,2,0,3.0,2.0,5.0,0.0,1
25.0,YouTube Music,5.0,False,False,False,Metal,False,True,120.0,1,1,0,1,0,0,0,0,0,0,3,2,0,0,2,1,8.0,2.0,1.0,0.0,0
60.0,Other,2.0,True,False,False,Rock,False,False,120.0,1,2,0,0,0,0,0,0,0,0,2,1,2,0,3,0,7.0,7.0,2.0,4.0,0
43.0,Other,1.0,False,False,False,Country,False,False,110.0,0,3,0,0,0,1,0,0,0,0,0,2,0,0,1,0,5.0,1.0,1.0,1.0,0
51.0,No Streaming Service,5.0,True,False,False,Rock,False,False,180.0,2,1,0,2,0,0,1,0,0,0,2,1,1,0,3,1,1.0,2.0,1.0,0.0,1
63.0,YouTube Music,8.0,True,False,False,Rock,True,False,70.0,2,2,1,1,0,0,1,0,1,1,0,2,1,0,2,0,2.0,1.0,2.0,2.0,0
64.0,YouTube Music,2.0,True,False,False,Classical,False,False,120.0,3,0,1,3,0,1,1,0,1,1,0,3,1,0,1,0,5.0,2.0,4.0,0.0,0
22.0,Spotify,2.0,True,False,False,Pop,False,False,120.0,2,1,2,2,1,2,0,1,0,3,1,3,1,2,2,1,7.0,2.0,1.0,0.0,0
24.0,YouTube Music,1.0,True,False,False,Folk,False,True,103.0,2,0,3,3,1,2,2,1,1,3,1,2,1,2,3,3,10.0,10.0,7.0,8.0,0
19.0,Spotify,8.0,True,False,False,Pop,True,True,99.0,1,2,2,3,0,3,0,3,2,1,1,3,2,3,3,1,7.0,2.0,1.0,6.0,0
56.0,Apple Music,8.0,True,False,False,Pop,True,False,117.0,2,1,1,2,0,2,2,1,1,1,2,2,2,2,2,0,6.0,4.0,1.0,0.0,0
20.0,Spotify,1.0,False,False,False,EDM,True,False,102.0,1,0,3,0,0,2,0,1,1,3,1,3,0,0,0,0,5.0,9.0,6.0,1.0,0
19.0,No Streaming Service,1.0,True,True,False,Video game music,False,False,127.0,3,0,0,1,1,2,2,1,1,3,0,2,2,1,1,3,7.0,5.0,7.0,0.0,0
20.0,Spotify,8.0,True,False,False,Jazz,True,True,93.0,1,2,1,3,0,2,3,1,2,3,0,2,1,2,2,1,7.0,6.0,7.0,4.0,0
60.0,Spotify,2.0,True,False,False,Rock,False,False,120.0,1,1,0,1,1,0,1,0,0,0,1,2,2,0,3,0,0.0,0.0,0.0,0.0,0
65.0,Apple Music,6.0,True,False,False,R&B,False,True,146.0,1,1,0,1,1,1,1,1,2,0,0,2,3,0,2,0,3.0,5.0,0.0,2.0,1
28.0,Spotify,3.0,False,True,True,Metal,True,True,0.0,3,0,1,2,1,1,3,1,2,3,3,1,2,0,3,3,8.0,8.0,5.0,2.0,0
18.0,No Streaming Service,4.0,True,True,False,EDM,False,True,150.0,3,0,3,0,0,0,1,0,0,1,0,2,0,1,1,2,8.0,7.0,10.0,6.0,0
42.0,Spotify,2.0,True,False,False,Rock,False,True,85.0,1,0,0,0,0,1,0,0,0,0,0,2,1,1,2,1,2.0,4.0,5.0,2.0,0
80.0,No Streaming Service,3.0,True,True,False,Classical,False,False,122.0,3,1,0,1,0,0,1,1,0,1,1,2,0,0,0,2,7.0,3.0,9.0,2.0,0
22.0,No Streaming Service,4.0,False,False,True,Pop,True,False,120.0,1,2,3,2,0,1,0,0,0,0,1,3,3,1,2,0,8.0,7.0,4.0,4.0,0
56.0,Other,2.0,False,False,False,Jazz,True,True,120.0,2,0,2,2,1,0,3,0,1,1,1,2,1,0,2,1,0.0,0.0,0.0,5.0,1
20.0,YouTube Music,1.0,True,False,False,Pop,False,True,120.0,0,0,2,0,0,1,2,3,1,1,0,3,2,1,1,0,8.0,6.0,9.0,8.0,0
15.0,Spotify,1.0,True,False,False,Video game music,True,True,150.0,0,1,2,0,0,2,1,0,0,3,2,2,1,1,3,3,4.0,2.0,3.0,2.0,0
57.0,Spotify,2.0,True,True,False,Gospel,False,False,174.0,2,0,0,1,3,0,2,0,1,0,0,2,2,0,1,0,6.0,4.0,10.0,0.0,0
22.0,Apple Music,7.0,True,False,False,Pop,True,True,112.0,0,0,2,1,0,3,0,3,2,0,0,3,3,3,2,1,8.0,8.0,10.0,0.0,0
17.0,Spotify,5.0,True,False,False,Pop,True,True,180.0,0,0,2,0,0,2,0,3,1,1,0,3,3,2,1,1,5.0,5.0,5.0,5.0,0
19.0,Spotify,3.0,True,False,False,Rock,False,False,121.0,0,3,0,1,2,0,0,0,0,0,1,3,0,2,3,2,10.0,8.0,6.0,2.0,1
50.0,No Streaming Service,1.0,False,False,False,Rock,False,False,98.0,2,2,0,0,0,3,2,1,1,0,1,3,2,2,3,0,0.0,0.0,7.0,0.0,0
24.0,Spotify,6.0,True,True,True,Rock,True,True,118.0,0,1,2,3,0,1,1,2,0,1,3,2,0,1,3,2,8.0,8.0,10.0,0.0,0
67.0,Apple Music,2.0,False,False,False,Rock,True,False,120.0,2,0,0,0,0,1,0,0,0,0,2,2,0,0,2,0,8.0,2.0,0.0,0.0,1
18.0,Other,3.0,True,True,True,Metal,True,False,135.0,2,2,0,1,1,1,0,0,0,0,3,0,1,1,1,0,7.0,8.0,4.0,10.0,0
20.0,Spotify,1.5,True,False,False,Country,False,False,120.0,1,3,2,0,0,2,2,2,1,0,0,2,0,2,2,0,0.0,2.0,0.0,1.0,0
15.0,Spotify,4.0,True,True,False,Pop,True,False,105.0,0,1,0,0,2,1,1,1,1,2,1,3,2,2,3,2,3.0,5.0,4.0,0.0,0
17.0,Spotify,2.0,True,True,False,Pop,True,True,122.0,1,0,0,1,0,2,0,3,1,0,0,3,0,2,0,0,5.0,2.0,3.0,1.0,0
32.0,YouTube Music,2.0,True,False,False,Folk,True,False,120.0,0,0,2,2,0,2,2,0,1,2,0,2,2,2,2,2,6.0,1.0,0.0,0.0,0
18.0,Spotify,2.0,False,False,False,Rap,True,True,136.0,1,0,0,0,0,3,1,0,0,0,1,2,1,3,1,3,6.0,3.0,4.0,2.0,0
18.0,Spotify,1.0,True,True,True,Rock,True,False,165.0,2,0,2,0,0,1,1,0,0,1,3,2,0,1,3,1,5.0,6.0,8.0,2.0,0
18.0,Spotify,3.0,True,False,False,K pop,True,True,130.0,2,0,0,0,0,2,0,3,0,1,0,2,3,1,2,1,8.0,4.0,7.0,5.0,0
19.0,Spotify,3.0,True,False,False,Pop,True,False,120.0,0,0,3,0,0,3,1,1,1,1,1,3,2,3,1,2,1.0,1.0,2.0,3.0,0
18.0,Spotify,2.0,False,True,False,Rock,True,False,115.0,0,0,0,0,0,1,0,0,0,0,2,2,1,1,3,0,8.0,3.0,1.0,3.0,0
17.0,Other,6.0,True,False,True,Rap,True,False,140.0,1,0,1,0,2,3,2,0,0,2,0,2,2,3,1,0,3.0,3.0,0.0,0.0,0
34.0,Spotify,3.0,True,False,False,Classical,False,True,95.0,3,0,0,0,0,0,1,0,0,1,2,1,0,0,2,2,0.0,0.0,0.0,0.0,1
18.0,YouTube Music,3.0,True,False,False,Pop,False,False,150.0,1,1,2,1,0,3,1,1,0,1,1,3,1,3,1,2,5.0,4.0,2.0,0.0,1
18.0,Spotify,2.0,True,False,False,R&B,True,False,97.0,0,0,0,0,2,3,1,0,1,1,0,2,3,3,1,0,2.0,4.0,0.0,0.0,0
22.0,No Streaming Service,2.0,True,False,False,Video game music,False,False,120.0,2,1,1,0,3,1,2,1,1,1,0,1,0,0,0,3,4.0,6.0,0.0,2.0,0
18.0,Spotify,2.0,True,False,True,Pop,True,False,120.0,2,1,2,0,0,1,2,1,0,2,0,3,1,0,2,2,5.0,7.0,2.0,0.0,0
19.0,Spotify,3.0,True,False,False,Rock,True,True,122.0,2,1,1,2,1,2,1,1,1,1,1,2,1,2,3,0,4.0,0.0,7.0,0.0,1
25.0,No Streaming Service,4.0,True,False,False,Pop,True,True,150.0,1,0,2,0,0,3,0,1,1,1,2,3,1,3,3,1,10.0,8.0,6.0,2.0,1
17.0,Spotify,2.0,True,True,True,R&B,True,False,120.0,3,1,0,1,1,1,2,2,1,2,1,3,3,1,2,0,3.0,3.0,1.0,0.0,0
25.0,Spotify,5.0,True,True,False,Rock,True,False,125.0,2,2,1,0,0,2,0,1,0,1,2,2,0,2,3,2,8.0,7.0,2.0,1.0,0
18.0,Spotify,2.0,True,False,False,R&B,False,False,96.0,2,1,0,0,0,2,1,0,0,3,1,3,3,2,3,1,3.0,3.0,0.0,3.0,0
24.0,Spotify,7.0,True,False,False,Folk,True,True,137.0,2,1,1,3,0,1,1,0,1,2,1,3,1,1,3,3,10.0,10.0,8.0,10.0,0
16.0,Spotify,3.0,True,True,False,K pop,False,True,174.0,1,0,2,0,0,1,2,3,2,2,0,3,1,2,0,0,10.0,2.0,7.0,8.0,0
18.0,Spotify,3.0,False,True,True,Metal,True,False,210.0,0,0,0,1,0,2,3,0,1,0,3,1,2,2,2,1,9.0,6.0,8.0,5.0,0
18.0,Spotify,4.0,True,False,False,R&B,True,True,129.0,1,1,1,0,0,3,2,0,0,1,0,3,3,3,3,1,6.0,4.0,1.0,6.0,0
16.0,Spotify,3.0,True,False,False,Pop,True,False,112.0,3,0,0,0,0,1,1,0,0,0,0,3,3,0,2,0,3.0,4.0,6.0,8.0,0
68.0,Pandora,1.0,True,False,False,Gospel,False,False,8.0,3,0,0,2,3,0,0,0,2,0,0,0,0,0,0,0,10.0,10.0,10.0,0.0,0
16.0,Spotify,7.0,True,False,False,Video game music,True,False,999999999.0,0,1,2,1,0,1,1,0,0,0,3,2,0,3,1,2,4.0,8.0,8.0,4.0,1
21.0,Spotify,1.0,False,False,False,R&B,True,True,81.0,0,0,0,0,1,3,0,0,0,0,0,3,3,2,0,0,3.0,0.0,0.0,0.0,0
53.0,Pandora,4.0,True,False,False,R&B,True,True,153.0,1,2,1,1,1,3,1,2,1,0,2,1,2,2,2,1,1.0,0.0,0.0,0.0,0
29.0,Spotify,4.0,True,False,False,Classical,True,False,120.0,3,0,3,0,0,0,2,0,1,1,0,2,0,0,1,1,5.0,6.0,7.0,7.0,1
18.0,Spotify,3.0,True,False,False,Video game music,True,True,89.0,2,0,0,0,0,0,2,1,0,3,0,1,2,0,0,3,7.0,0.0,3.0,1.0,1
29.0,Spotify,2.0,True,False,False,Pop,False,False,120.0,0,0,1,1,0,3,0,0,0,2,1,3,0,3,0,3,10.0,8.0,8.0,9.0,0
18.0,Spotify,4.0,True,True,False,R&B,True,True,169.0,1,2,3,0,1,3,1,2,2,2,1,2,3,2,1,2,3.0,0.0,3.0,4.0,0
22.0,Spotify,5.0,True,False,False,EDM,True,True,138.0,0,0,3,0,0,3,0,0,0,3,0,3,3,3,3,2,1.0,0.0,0.0,1.0,1
19.0,Other,6.0,True,False,False,Pop,False,False,124.0,2,1,1,1,3,2,1,2,3,1,1,3,2,2,2,2,6.0,6.0,0.0,0.0,0
13.0,YouTube Music,1.0,True,False,False,Video game music,True,False,120.0,0,0,2,0,0,1,2,0,0,2,1,1,1,0,2,3,4.0,3.0,4.0,0.0,0
26.0,No Streaming Service,1.0,False,False,False,Pop,False,False,192.0,0,1,2,2,0,1,1,2,2,3,0,3,1,1,2,0,6.0,4.0,0.0,0.0,0
14.0,Spotify,3.0,True,False,False,Rock,True,False,76.0,0,0,0,0,0,2,1,0,0,0,1,2,0,0,3,2,2.0,6.0,3.0,0.0,2
27.0,Spotify,1.0,True,False,False,Pop,True,True,119.0,1,1,1,0,1,2,1,3,0,2,0,3,2,2,2,3,8.0,3.0,3.0,3.0,0
26.0,Spotify,8.0,False,False,False,Rock,False,True,172.0,0,2,2,3,0,3,1,3,0,0,2,2,3,3,3,3,8.0,10.0,7.0,3.0,1
59.0,Other,1.0,False,True,False,Rock,False,False,79.0,1,0,0,1,2,0,1,0,1,0,0,1,1,0,3,0,1.0,0.0,0.0,1.0,0
30.0,Spotify,8.0,True,True,True,Rock,True,False,112.0,2,2,0,1,0,2,2,0,2,2,1,2,2,2,3,0,8.0,6.0,6.0,8.0,0
27.0,Spotify,1.0,True,False,False,Pop,True,True,130.0,0,1,2,0,0,2,0,1,2,0,0,3,2,2,2,0,6.0,3.0,1.0,7.0,0
18.0,Apple Music,1.0,False,True,False,Rap,True,True,116.0,1,0,0,0,0,2,0,0,1,2,0,2,0,3,0,2,2.0,0.0,3.0,0.0,0
23.0,No Streaming Service,10.0,True,True,True,Metal,False,True,165.0,0,0,0,0,0,0,0,0,0,0,3,0,0,0,2,0,0.0,0.0,0.0,0.0,1
18.0,Spotify,10.0,True,True,True,Rock,True,False,110.0,2,2,2,2,1,2,2,2,1,1,3,3,2,2,3,0,10.0,10.0,6.0,6.0,0
40.0,Spotify,5.0,True,False,False,Rock,True,True,174.0,2,2,2,2,0,3,1,1,2,1,2,3,2,3,3,1,3.0,0.0,0.0,1.0,0
24.0,Spotify,10.0,True,False,False,Rock,True,True,180.0,2,0,0,1,0,0,0,0,0,1,2,2,0,0,3,2,7.0,9.0,10.0,0.0,0
23.0,Spotify,2.0,True,True,False,Classical,True,True,171.0,3,0,1,1,0,0,2,0,1,2,0,3,1,0,3,0,8.0,7.0,6.0,2.0,0
56.0,Other,6.0,True,False,False,R&B,False,False,120.0,0,0,0,0,0,2,1,0,0,0,0,0,2,0,0,0,2.0,0.0,10.0,10.0,0
29.0,Other,2.0,True,False,False,R&B,True,False,70.0,1,0,3,0,0,3,1,1,2,2,0,3,3,1,0,2,10.0,7.0,9.0,3.0,1
16.0,Other,3.0,True,False,False,Pop,False,True,120.0,0,0,0,0,0,3,0,3,0,0,0,3,2,0,0,0,6.0,0.0,0.0,0.0,0
18.0,Spotify,8.0,True,True,True,Gospel,True,True,56.0,1,0,1,0,3,2,2,0,2,3,0,2,3,2,0,2,3.0,0.0,2.0,2.0,0
21.0,Spotify,8.0,True,False,False,Lofi,True,True,162.0,3,3,3,3,3,3,3,3,3,3,3,3,3,3,3,3,6.0,5.0,9.0,8.0,0
32.0,Spotify,8.0,True,False,False,Rock,True,False,101.0,0,0,0,1,0,2,0,0,0,0,2,1,1,2,3,2,7.0,6.0,5.0,8.0,0
22.0,YouTube Music,8.0,True,True,False,Metal,True,False,110.0,2,0,2,1,1,1,2,0,0,0,3,1,1,0,3,3,10.0,7.0,8.0,6.0,0
17.0,Spotify,12.0,True,True,False,Latin,True,False,172.0,3,0,1,1,2,3,0,1,3,1,2,1,0,3,3,2,0.0,3.0,9.0,5.0,1
18.0,Spotify,6.0,True,False,False,EDM,True,True,90.0,1,0,3,0,0,2,1,3,3,3,0,3,3,3,1,2,0.0,2.0,1.0,5.0,0
18.0,Spotify,4.0,True,True,False,R&B,False,True,135.0,2,1,2,0,2,2,0,3,3,1,0,2,3,3,0,1,2.0,0.0,0.0,0.0,1
24.0,Spotify,8.0,True,False,False,Jazz,True,False,81.0,3,0,1,0,0,3,3,0,1,3,0,1,2,2,3,1,2.0,2.0,4.0,0.0,1
21.0,Spotify,2.0,False,False,False,Pop,False,False,170.0,1,0,0,0,1,2,0,0,0,2,2,3,2,2,3,2,5.0,6.0,3.0,4.0,1
46.0,No Streaming Service,1.0,False,False,False,Rock,False,False,120.0,0,2,0,0,0,0,0,0,0,0,0,2,0,0,2,0,0.0,0.0,1.0,0.0,1
18.0,Spotify,2.0,True,True,False,Hip hop,True,False,90.0,0,0,0,0,2,3,0,0,0,2,0,2,3,3,0,0,5.0,4.0,3.0,7.0,0
16.0,Spotify,3.0,True,True,False,K pop,True,True,115.0,1,0,1,0,0,3,3,3,0,2,0,3,3,3,3,2,2.0,7.0,0.0,0.0,0
21.0,Spotify,1.0,True,False,False,Video game music,True,True,120.0,3,3,1,2,1,2,2,0,0,3,1,2,0,2,2,3,0.0,6.0,0.0,4.0,0
19.0,No Streaming Service,0.0,False,False,False,Classical,True,True,120.0,3,1,2,1,1,2,1,1,1,1,0,1,1,1,1,1,0.0,0.0,0.0,0.0,0
20.0,Spotify,2.0,True,True,True,Rap,True,True,120.0,2,0,1,0,0,2,2,0,0,1,0,2,2,3,2,2,7.0,5.0,1.0,3.0,0
21.0,Other,0.1,True,True,False,Folk,False,True,120.0,2,0,0,3,2,1,0,0,0,0,0,1,0,1,2,0,7.0,5.0,3.0,1.0,1
56.0,No Streaming Service,2.0,True,False,False,Rock,False,True,220.0,1,0,0,0,0,0,0,0,0,0,3,0,0,1,3,0,3.0,3.0,1.0,8.0,1
21.0,Spotify,12.0,True,False,False,Rock,True,True,160.0,2,1,3,1,1,2,2,1,0,2,3,2,1,2,3,1,7.0,10.0,4.0,7.0,2
20.0,Spotify,1.0,True,False,False,Pop,True,False,121.0,1,0,0,3,0,1,1,1,0,2,1,3,1,1,3,0,3.0,2.0,3.0,0.0,0
21.0,Apple Music,1.0,True,False,False,Rock,False,False,105.0,2,0,1,0,0,1,1,0,0,0,1,2,0,0,3,1,5.0,1.0,1.0,9.0,0
25.0,Spotify,3.0,True,False,False,Rock,False,False,110.0,0,1,0,2,0,0,0,0,0,2,0,1,0,0,3,2,8.0,9.0,4.0,10.0,0
33.0,Spotify,2.0,True,False,False,Metal,True,True,134.0,1,0,0,2,0,2,1,0,0,0,3,2,2,2,3,2,4.0,8.0,0.0,0.0,0
20.0,Spotify,2.0,True,False,False,Rock,True,True,148.0,1,1,1,1,0,2,2,1,2,2,3,3,2,2,3,1,7.0,9.0,7.0,0.0,0
17.0,Spotify,3.0,True,True,False,Rock,True,False,120.0,2,2,2,0,0,0,0,1,0,1,3,3,0,1,3,0,1.0,5.0,6.0,4.0,1
24.0,YouTube Music,1.0,False,False,False,Jazz,True,True,122.0,1,0,2,1,0,0,2,1,0,1,1,2,1,0,2,3,3.0,2.0,1.0,0.0,1
26.0,Spotify,3.0,True,True,True,Jazz,True,True,90.0,1,1,1,1,0,2,3,0,2,1,3,1,2,1,3,1,6.0,8.0,0.0,0.0,0
17.0,YouTube Music,3.0,True,False,False,Rock,False,False,122.0,1,1,0,1,0,1,1,0,0,1,3,2,0,2,3,3,6.0,3.0,6.0,0.0,0
16.0,Spotify,5.0,True,True,True,Metal,True,True,129.0,2,0,0,1,0,1,2,0,0,1,3,2,0,2,3,2,7.0,4.0,8.0,0.0,0
27.0,Spotify,8.0,True,False,False,Metal,True,False,132.0,0,0,1,0,0,2,0,0,0,0,3,3,3,1,2,0,2.0,6.0,9.0,1.0,1
28.0,Spotify,4.0,True,False,False,Hip hop,True,True,178.0,1,2,2,1,0,3,0,0,3,2,1,3,1,3,2,1,8.0,5.0,3.0,8.0,0
48.0,No Streaming Service,5.0,True,False,True,Rock,True,True,120.0,3,2,2,3,0,2,1,0,1,0,1,1,1,1,3,1,3.0,3.0,0.0,0.0,0
19.0,Spotify,3.0,True,False,False,Rap,False,True,115.0,0,0,1,1,0,2,0,1,0,3,2,3,2,3,2,2,7.0,5.0,3.0,3.0,0
21.0,YouTube Music,4.0,True,False,False,Rock,True,True,137.0,2,3,1,3,0,2,0,0,0,1,2,3,2,2,3,1,4.0,8.0,2.0,3.0,0
21.0,No Streaming Service,1.0,True,True,False,Classical,False,False,92.0,3,0,0,0,0,0,0,0,0,0,0,0,0,0,0,1,3.0,0.0,0.0,5.0,0
15.0,Spotify,4.0,True,False,False,Metal,True,True,140.0,1,0,2,1,0,1,0,1,0,0,3,2,2,2,3,1,10.0,7.0,3.0,2.0,0
20.0,Spotify,1.0,False,False,False,Rock,True,True,130.0,2,2,1,3,1,1,3,0,0,0,0,3,1,1,3,0,10.0,4.0,8.0,0.0,0
21.0,YouTube Music,2.0,True,True,False,Video game music,False,True,120.0,2,0,1,2,1,0,1,0,2,2,1,3,2,0,3,3,2.0,2.0,0.0,0.0,0
22.0,Spotify,6.0,True,False,False,Folk,True,False,63.0,0,1,2,3,0,1,1,0,2,2,0,1,1,1,3,2,8.0,7.0,7.0,3.0,0
22.0,Spotify,2.0,False,False,False,Rock,False,False,119.0,1,0,0,0,0,1,1,1,0,0,3,3,0,0,3,2,10.0,5.0,2.0,8.0,0
31.0,Spotify,1.0,True,False,False,Rock,True,False,120.0,3,1,2,1,0,1,1,1,1,2,2,2,0,3,3,3,9.0,10.0,10.0,6.0,1
20.0,YouTube Music,4.0,True,True,False,Metal,True,False,180.0,1,2,0,0,0,0,1,0,0,0,3,0,0,0,3,2,5.0,2.0,1.0,6.0,0
49.0,No Streaming Service,8.0,True,True,True,Classical,False,False,68.0,3,0,0,0,0,0,1,0,0,0,1,1,0,0,1,0,4.0,8.0,9.0,1.0,0
42.0,Spotify,2.0,True,False,False,Metal,True,True,85.0,2,1,0,0,1,1,0,2,2,1,3,3,2,0,3,3,7.0,8.0,5.0,3.0,0
26.0,Spotify,2.0,True,False,False,EDM,True,True,128.0,1,2,3,2,0,2,1,0,2,1,1,2,1,2,3,0,2.0,2.0,0.0,3.0,1
17.0,Spotify,10.0,True,False,True,K pop,True,True,150.0,1,2,1,1,0,3,0,3,1,2,3,3,2,3,3,2,10.0,3.0,0.0,4.0,0
30.0,No Streaming Service,0.0,False,False,False,Metal,False,False,0.0,1,0,1,0,0,0,0,0,0,0,2,0,0,1,1,1,10.0,10.0,10.0,9.0,0
23.0,Spotify,6.0,True,False,False,Folk,True,True,92.0,2,2,1,2,0,2,2,2,1,1,1,2,2,2,2,1,3.0,7.0,7.0,4.0,1
30.0,Apple Music,3.0,True,False,False,EDM,True,True,121.0,1,0,3,0,1,2,0,3,0,0,1,3,2,2,2,0,7.0,5.0,7.0,7.0,0
31.0,Spotify,2.0,True,False,False,Metal,False,True,155.0,1,2,0,3,0,1,1,0,0,0,3,3,3,1,3,2,7.0,4.0,8.0,8.0,0
42.0,Other,0.25,False,True,False,Classical,True,True,150.0,3,1,0,0,0,0,2,0,1,0,1,2,1,1,2,0,7.0,9.0,4.0,5.0,0
16.0,Other,4.0,True,False,False,EDM,True,True,624.0,2,0,3,0,0,0,0,1,0,0,0,0,0,0,0,2,4.0,7.0,1.0,3.0,0
34.0,YouTube Music,2.0,False,False,False,Metal,True,False,136.0,2,1,0,2,0,1,1,1,1,0,3,2,1,1,3,0,5.0,9.0,9.0,6.0,0
21.0,YouTube Music,2.0,True,False,False,Pop,True,False,121.0,2,0,3,1,0,1,1,1,2,1,2,3,3,1,2,2,5.0,4.0,10.0,7.0,1
27.0,YouTube Music,3.0,True,False,False,Pop,False,False,113.0,1,1,1,1,0,3,1,1,1,1,1,3,3,2,2,1,7.0,2.0,0.0,1.0,0
18.0,Spotify,6.0,True,False,False,Folk,True,True,80.0,0,3,3,3,2,2,1,1,1,2,2,3,2,2,3,2,8.0,6.0,0.0,2.0,0
26.0,Spotify,3.0,False,False,False,Metal,True,False,140.0,1,3,0,3,1,2,2,0,0,1,3,1,1,2,3,1,1.0,3.0,10.0,0.0,1
37.0,Spotify,2.0,True,False,False,Rock,True,False,100.0,0,0,0,0,0,1,0,0,0,0,2,2,1,1,2,0,8.0,10.0,10.0,2.0,2
26.0,Spotify,5.0,True,True,False,Folk,True,True,92.0,2,1,1,3,0,3,3,0,1,1,2,2,2,3,3,1,4.0,7.0,6.0,0.0,1
19.0,Spotify,4.0,False,False,False,Pop,False,True,120.0,0,0,2,0,0,2,2,2,2,1,0,3,2,2,2,2,9.0,6.0,3.0,0.0,1
22.0,Spotify,4.0,True,False,False,Rock,True,False,93.0,0,1,0,0,0,1,0,0,0,1,2,3,1,1,3,3,10.0,7.0,4.0,4.0,0
43.0,No Streaming Service,0.0,False,False,False,Rock,False,False,120.0,1,0,0,0,0,1,0,0,0,0,0,2,1,1,2,0,1.0,2.0,2.0,0.0,1
24.0,No Streaming Service,12.0,True,True,True,Rock,True,False,136.0,2,1,0,2,1,1,1,0,1,0,3,3,1,1,3,3,7.0,10.0,0.0,8.0,0
21.0,No Streaming Service,0.5,False,False,False,Pop,False,False,108.0,0,0,0,0,0,0,0,2,0,0,0,2,0,0,0,0,10.0,2.0,1.0,10.0,2
28.0,No Streaming Service,1.0,True,False,False,Rock,False,False,147.0,1,1,0,1,0,0,0,0,0,0,0,2,0,0,2,0,2.0,1.0,2.0,2.0,0
23.0,YouTube Music,3.0,True,False,False,R&B,True,True,93.0,3,0,0,3,0,3,3,0,1,3,1,3,3,3,2,1,3.0,10.0,0.0,0.0,1
20.0,Apple Music,12.0,False,False,False,Rock,True,True,98.0,0,2,1,2,2,2,2,1,0,0,2,3,2,2,3,2,7.0,10.0,2.0,0.0,0
17.0,Spotify,4.0,True,True,True,Metal,False,False,120.0,0,1,3,0,0,0,1,0,0,1,3,2,0,0,3,2,4.0,2.0,0.0,0.0,0
19.0,Spotify,3.0,True,False,False,R&B,False,False,130.0,1,1,1,1,1,1,1,1,0,0,0,2,2,2,2,1,4.0,2.0,5.0,3.0,0
32.0,Spotify,1.0,True,False,False,Metal,True,True,218.0,2,2,2,2,0,1,0,3,1,0,3,1,1,2,3,1,6.0,8.0,7.0,0.0,0
18.0,YouTube Music,4.0,False,False,False,Folk,True,True,123.0,2,3,2,3,1,2,2,0,0,2,3,3,1,1,3,3,8.0,6.0,4.0,0.0,0
20.0,Other,2.0,True,True,True,Rock,True,False,135.0,2,1,0,1,0,0,1,1,0,0,0,3,0,0,3,2,2.0,2.0,0.0,0.0,1
27.0,Spotify,3.0,True,False,False,Rock,True,True,105.0,1,0,3,1,0,1,1,0,0,3,3,1,1,1,3,3,8.0,7.0,9.0,3.0,0
15.0,Spotify,3.0,True,True,False,Rock,False,False,132.0,2,0,0,0,0,0,0,0,0,1,3,0,0,0,3,1,4.0,3.0,5.0,0.0,1
26.0,Spotify,1.0,True,False,False,Rock,True,True,120.0,1,1,2,2,0,0,0,0,1,3,1,3,1,1,3,2,6.0,1.0,0.0,4.0,1
24.0,Spotify,2.0,True,False,False,Pop,True,True,115.0,0,0,0,0,0,2,1,1,0,1,0,3,3,2,1,1,6.0,6.0,3.0,6.0,0
20.0,Spotify,1.0,True,False,False,K pop,True,True,120.0,2,0,1,0,2,0,1,3,0,2,0,3,2,0,1,0,8.0,7.0,1.0,1.0,1
21.0,YouTube Music,0.5,True,False,False,Pop,True,True,120.0,0,1,0,1,0,1,1,1,0,2,0,3,1,1,2,1,5.0,3.0,4.0,1.0,0
16.0,Spotify,2.0,True,False,False,Video game music,False,False,149.0,3,0,0,0,0,0,0,0,0,0,0,1,0,1,0,3,6.0,2.0,4.0,3.0,0
21.0,Spotify,11.0,True,True,True,Metal,True,True,125.0,1,1,2,1,1,3,2,1,1,3,3,3,2,3,3,3,5.0,6.0,6.0,0.0,0
27.0,Spotify,10.0,True,True,True,Jazz,True,True,132.0,3,0,0,3,1,1,3,1,1,2,2,2,2,1,2,2,6.0,10.0,8.0,1.0,0
17.0,Spotify,5.0,True,True,False,Rock,True,False,110.0,3,1,1,2,1,3,3,0,1,3,2,2,3,3,3,2,7.0,3.0,9.0,7.0,0
21.0,Spotify,1.5,True,True,False,Classical,True,True,110.0,3,1,3,3,2,2,3,0,1,2,1,3,1,2,2,2,4.0,6.0,0.0,0.0,1
17.0,Spotify,2.0,True,False,False,Folk,True,True,116.0,3,2,0,3,2,1,3,0,2,2,0,3,1,0,2,1,9.0,4.0,0.0,1.0,0
21.0,Spotify,3.0,False,False,False,Rap,True,True,145.0,2,0,0,1,0,3,0,0,0,2,1,2,2,3,1,2,9.0,7.0,7.0,5.0,0
17.0,YouTube Music,2.0,False,False,True,Rock,True,False,120.0,2,2,2,3,1,2,2,0,0,0,2,2,2,2,3,2,5.0,10.0,2.0,7.0,1
36.0,YouTube Music,3.0,True,False,False,Country,False,True,105.0,3,3,2,0,0,1,0,3,2,0,0,1,2,0,0,0,1.0,0.0,1.0,0.0,0
18.0,Spotify,4.0,False,False,False,R&B,True,True,80.0,1,0,1,0,2,3,0,3,0,1,0,3,3,3,0,0,8.0,7.0,2.0,6.0,0
18.0,Spotify,1.0,False,False,False,K pop,False,True,100.0,0,0,1,0,0,3,0,3,0,2,0,2,2,1,1,0,5.0,1.0,4.0,0.0,0
18.0,Apple Music,5.0,True,True,False,Latin,True,True,73.0,3,2,1,0,0,2,1,2,3,2,0,3,2,1,2,0,10.0,6.0,0.0,0.0,0
18.0,Apple Music,2.0,True,False,False,R&B,True,False,80.0,0,0,0,0,0,2,0,3,0,0,0,3,3,3,0,0,7.0,5.0,5.0,5.0,0
18.0,Spotify,7.0,True,False,False,Hip hop,True,True,120.0,3,1,0,0,1,3,3,1,0,2,0,2,2,2,1,1,3.0,1.0,0.0,3.0,0
18.0,Spotify,2.0,True,False,False,Rap,True,True,120.0,1,0,1,0,0,2,1,1,0,2,0,2,1,3,0,1,5.0,8.0,7.0,4.0,0
18.0,No Streaming Service,1.0,True,False,False,Classical,False,False,120.0,2,2,1,1,1,2,2,1,1,3,0,1,1,1,1,1,2.0,0.0,0.0,5.0,1
18.0,No Streaming Service,1.0,False,True,False,Classical,False,False,117.0,3,0,2,0,0,2,1,0,0,0,0,2,0,1,0,1,7.0,0.0,0.0,0.0,1
18.0,Spotify,4.0,True,False,False,R&B,False,False,120.0,0,1,0,0,0,3,0,0,0,3,0,2,3,2,0,0,8.0,0.0,0.0,2.0,1
20.0,Spotify,6.0,True,False,False,R&B,True,True,89.0,1,0,0,1,0,2,0,2,2,2,0,3,3,3,0,1,4.0,1.0,1.0,0.0,0
19.0,Spotify,3.0,True,False,False,Hip hop,True,False,115.0,2,0,1,0,0,3,1,1,0,2,0,3,3,3,0,1,3.0,8.0,0.0,2.0,0
17.0,Spotify,4.0,True,False,False,Hip hop,True,False,144.0,2,0,0,0,0,3,0,0,0,3,0,2,0,3,0,0,7.0,0.0,2.0,2.0,0
23.0,Spotify,4.0,True,False,False,Video game music,True,True,105.0,1,1,3,1,1,1,1,1,0,3,2,2,2,2,2,3,10.0,8.0,10.0,0.0,0
18.0,YouTube Music,1.0,True,True,True,Pop,True,False,114.0,0,1,0,2,1,1,0,2,0,2,0,3,1,2,2,0,7.0,1.0,1.0,1.0,0
19.0,Spotify,2.0,True,True,False,Pop,True,True,145.0,1,0,2,0,0,0,0,2,0,0,1,3,0,1,2,2,5.0,9.0,1.0,7.0,1
89.0,Spotify,24.0,True,True,True,Rap,False,False,143.0,0,0,1,1,0,3,2,0,0,1,1,1,2,3,1,0,0.0,0.0,0.0,0.0,1
20.0,Spotify,5.0,True,True,True,R&B,True,True,128.0,3,2,0,2,0,3,1,3,3,3,0,3,3,3,3,2,10.0,6.0,3.0,8.0,0
16.0,Spotify,3.0,False,True,False,Rock,True,True,90.0,1,0,0,1,0,2,2,0,2,0,0,0,2,2,3,0,7.0,3.5,3.5,5.5,0
17.0,Spotify,4.0,True,True,True,Country,True,True,110.0,2,3,0,0,0,1,2,3,1,2,0,3,1,1,2,0,2.0,0.0,0.0,2.0,0
16.0,Spotify,9.0,True,False,False,Metal,False,True,130.0,1,0,0,1,0,0,0,1,1,0,3,2,1,1,3,0,10.0,10.0,10.0,8.0,0
20.0,YouTube Music,1.0,True,False,False,Pop,False,True,120.0,2,1,1,1,1,2,1,0,0,1,1,3,1,2,1,3,8.0,9.0,6.0,5.0,2
30.0,YouTube Music,1.0,True,True,False,Rock,True,True,115.0,2,1,1,1,1,1,1,2,0,2,2,3,1,1,3,2,9.0,7.0,8.0,4.0,0
37.0,Spotify,2.0,True,False,False,Folk,True,False,186.0,2,2,0,2,0,1,2,0,0,0,1,2,1,1,2,2,6.0,4.0,5.0,0.0,0
44.0,YouTube Music,1.5,False,False,False,Folk,False,False,99.0,1,3,0,3,1,2,0,0,0,0,0,1,1,2,2,0,8.0,5.0,9.0,4.0,0
21.0,Spotify,2.0,True,True,False,Metal,True,True,150.0,0,1,1,0,0,0,0,0,0,0,3,1,0,2,3,1,3.0,7.0,0.0,0.0,0
19.0,Spotify,4.0,True,True,False,Pop,True,False,149.0,2,2,0,1,0,0,0,0,0,2,0,3,0,0,0,0,9.0,1.0,0.0,9.0,0
23.0,Spotify,1.0,True,True,False,Rock,True,True,120.0,1,1,2,2,0,2,1,1,0,2,2,3,2,2,3,3,8.0,6.0,1.0,4.0,0
26.0,Spotify,1.0,False,False,False,Country,True,False,120.0,2,3,2,1,0,1,0,0,0,0,1,2,0,0,2,1,4.0,1.0,1.0,6.0,0
18.0,Spotify,3.0,True,False,False,Video game music,True,True,140.0,2,0,0,0,0,1,2,0,0,1,1,1,1,1,2,3,6.0,5.0,3.0,1.0,1
35.0,Spotify,4.0,True,True,True,Hip hop,True,False,90.0,2,1,1,2,0,3,3,0,2,3,1,3,3,3,2,3,7.0,8.0,6.0,5.0,0
16.0,Spotify,8.0,True,True,True,Rock,True,False,120.0,3,0,1,2,0,0,1,1,1,1,1,2,1,0,3,2,8.0,9.0,5.0,10.0,0
19.0,Spotify,5.0,True,False,False,Metal,True,True,210.0,0,0,3,0,0,1,0,0,0,0,3,1,0,1,3,2,8.0,6.0,7.0,0.0,0
23.0,No Streaming Service,3.0,True,False,False,Rock,False,False,120.0,0,0,0,1,0,0,2,0,0,1,0,2,1,0,3,0,10.0,5.0,2.0,0.0,0
17.0,YouTube Music,8.0,True,False,False,Pop,True,True,95.0,1,0,3,0,0,2,1,0,0,3,0,3,0,1,1,3,5.0,2.0,4.0,7.0,1
29.0,Apple Music,1.0,False,False,False,Country,True,False,163.0,2,3,0,2,2,2,1,0,1,0,1,2,1,1,3,0,9.0,3.0,2.0,0.0,1
21.0,Spotify,4.0,True,True,True,Pop,False,False,97.0,1,2,0,2,2,1,2,0,0,0,0,2,2,1,2,0,4.0,6.0,3.0,4.0,0
17.0,Spotify,1.0,False,False,False,Metal,True,True,137.0,2,0,0,1,0,1,1,1,2,1,3,2,0,1,3,1,9.0,8.0,4.0,0.0,0
23.0,Spotify,2.0,False,False,False,Rock,True,True,120.0,1,0,1,1,0,2,0,1,1,1,3,2,2,2,3,0,5.0,7.0,10.0,2.0,1
17.0,Spotify,1.0,True,True,False,Metal,True,True,70.0,1,0,1,2,0,0,0,0,3,3,3,2,0,0,3,3,8.0,3.0,9.0,2.0,1
22.0,Spotify,3.0,True,False,False,Video game music,True,True,150.0,1,1,2,2,0,1,2,1,1,1,2,3,1,1,2,3,10.0,10.0,6.0,8.0,0
17.0,Spotify,5.0,True,False,False,Hip hop,True,False,168.0,1,2,3,0,2,3,0,2,0,2,1,3,3,3,1,1,7.0,7.0,5.0,5.0,0
19.0,Spotify,5.0,True,True,False,Pop,True,True,163.0,3,2,1,0,1,1,1,3,2,3,1,3,1,1,2,1,10.0,8.0,1.0,0.0,0
19.0,Spotify,4.0,True,False,False,Pop,True,True,140.0,2,1,2,0,0,2,2,1,1,2,2,3,2,2,2,2,8.0,6.0,2.0,0.0,0
16.0,Spotify,6.0,True,False,False,Pop,True,True,105.0,1,1,2,1,0,3,2,3,3,1,0,3,3,3,0,0,10.0,7.0,6.0,10.0,0
19.0,Spotify,6.0,True,False,False,Pop,True,True,78.0,1,1,1,0,0,2,2,2,1,2,0,3,1,1,1,2,6.0,6.0,8.0,0.0,0
13.0,Spotify,1.0,True,False,False,Video game music,True,False,128.0,1,2,0,1,0,3,1,1,1,3,3,3,0,2,2,3,10.0,10.0,8.0,4.0,2
18.0,Apple Music,18.0,True,False,False,EDM,True,False,90.0,2,1,3,0,1,2,2,0,0,2,2,1,2,2,2,2,9.0,8.0,5.0,10.0,0
26.0,YouTube Music,1.0,True,False,False,Metal,True,True,136.0,2,1,2,3,0,0,1,0,0,1,3,1,0,0,0,1,0.0,0.0,0.0,0.0,1
14.0,Other,7.0,True,True,False,Country,True,False,108.0,1,3,2,2,3,2,0,0,0,1,2,3,2,2,3,1,7.0,3.0,1.0,2.0,0
21.0,No Streaming Service,0.5,False,False,False,Pop,True,False,95.0,0,1,2,0,0,2,1,2,0,3,0,3,2,2,3,0,6.0,2.0,2.0,0.0,0
21.0,Spotify,2.0,True,False,False,R&B,True,True,147.0,2,0,2,1,0,0,2,3,0,2,1,2,3,2,2,2,7.0,6.0,4.0,6.0,0
17.0,Spotify,2.0,True,True,False,Rock,True,True,120.0,3,1,0,2,0,2,1,0,2,1,1,3,0,1,3,0,7.0,6.0,0.0,9.0,0
18.0,Spotify,1.0,True,True,False,Pop,True,True,160.0,1,1,0,0,0,0,1,0,0,1,0,3,0,0,2,2,3.0,2.0,2.0,5.0,0
19.0,Other,6.0,True,False,True,Rap,True,False,120.0,1,2,2,1,1,3,1,1,1,2,1,2,2,2,1,1,2.0,2.0,2.0,2.0,0
19.0,Spotify,5.0,True,True,False,Classical,False,False,170.0,3,0,0,0,0,0,1,0,0,0,0,0,0,0,0,2,2.0,3.0,2.0,1.0,0
29.0,YouTube Music,2.0,True,False,False,Hip hop,True,True,98.0,2,1,3,2,1,3,3,2,0,1,0,2,3,3,3,1,2.0,2.0,2.0,5.0,0
